Setup title,Cdg-V_high_voltage
Classic test name,"C-V Sweep"
Test date,3/12/2020
Test time,17:43:07
Device ID,
Count,18
Flags,#
Remarks,#MC_cap_SC_die1_r1c2_Lu1000_light
Channel.UnitTyp,CMU,SMU
Channel.Unit,CMU1:MF,SMU6:HV
Channel.IName,,Id
Channel.VName,VBias,Vd
Channel.Mode,,V
Channel.Func,CONST,VAR1
Channel.Index,
Channel.Time,
Measurement.Port.Unit,SMU6:HV
Measurement.Port.SeriesResistor,NONE
Measurement.Port.Filter,ON
Measurement.Port.OutputVoltageComparison,0
Measurement.Primary.Locus,Single
Measurement.Primary.Scale,LINEAR
Measurement.Primary.Start,0
Measurement.Primary.Stop,200
Measurement.Primary.Compliance,1E-06
Measurement.Primary.Step,0.5
Measurement.Aborting.Condition,"CONTINUE AT ANY"
Measurement.PostOutput.Value,START
Measurement.PostOutput.Retention,OFF
Measurement.Secondary.ACLevel,0.1
Measurement.Secondary.FName,Freq
Measurement.Secondary.Frequency,1000000
Measurement.Bias.Source,0,0
Measurement.Bias.Compliance,1E-06
Measurement.ImpedanceMode.Model,Cp-G
Measurement.ImpedanceMode.CName,C
Measurement.ImpedanceMode.LName,L
Measurement.ImpedanceMode.GName,G
Measurement.ImpedanceMode.RName,R
Measurement.ImpedanceMode.QName,Q
Measurement.ImpedanceMode.DName,D
Measurement.ImpedanceMode.YName,Y
Measurement.ImpedanceMode.ZName,Z
Measurement.ImpedanceMode.ThName,Theta
Measurement.ImpedanceMode.BName,B
Measurement.ImpedanceMode.XName,X
Measurement.Monitor.Unit,CMU1:MF,SMU6:HV
Measurement.Monitor.RangingMode,AUTO,LIMITED
Measurement.Monitor.RangeBoundary,50,10uA
Measurement.Monitor.AcMonitorSymbol,
Measurement.Monitor.DcMonitorSymbol,
Measurement.Monitor.Adc,"HS ADC"
Measurement.Monitor.Measurement,"Force and Compliance Sides"
Measurement.Monitor.RangeRating,"BY FULL RANGE"
Measurement.Monitor.RangeRatingCoeff,50
Measurement.Timing.Hold,0
Measurement.Timing.Delay,0.2
Measurement.Adc.UnitType,Cmu,Smu
Measurement.Adc.HighResolution.Mode,PLC,AUTO
Measurement.Adc.HighResolution.Coeff,5,6
Measurement.Adc.HighSpeed.Mode,AUTO
Measurement.Adc.HighSpeed.Coeff,6
Measurement.Adc.HighResolution.AutoZero,OFF
Measurement.WaitTime.Source.Coeff,1
Measurement.WaitTime.Source.Offset,0
Measurement.WaitTime.Monitor.Coeff,1
Measurement.WaitTime.Monitor.Offset,0
Function.User.Name,C_dens,G_dens,I_dens,C_dens1,Q_dens1,Q_dens
Function.User.Unit,F/mm,S/mm,A/mm,F/cm2,e/cm2,C/mm
Function.User.Definition,C/0.9,G/0.9,Id/0.9,C/25/3.14*1e6,"integ(C_dens1,abs(Vd))/1.6*1e6","integ(C_dens,abs(Vd))"
Output.Graph.Enabled,true
Output.Graph.AutoScaling,false
Output.Graph.XAxis.Data,Vd
Output.Graph.XAxis.Scale,Linear
Output.Graph.XAxis.Left,0
Output.Graph.XAxis.Right,100
Output.Graph.XAxis.RunTimeAutoScale,false
Output.Graph.YAxis.Data,C_dens,C_dens,G_dens,I_dens,Q_dens
Output.Graph.YAxis.Scale,Log,Linear,Linear,Linear,Linear
Output.Graph.YAxis.Bottom,0,0,0,0,0
Output.Graph.YAxis.Top,1,1,1,1,1
Output.Graph.YAxis.Group,,,,,
Output.Graph.YAxis.RunTimeAutoScale,false,false,false,false,false
Output.List.Data,Vd,C,G,Id,Freq,C_dens,G_dens,I_dens,Q_dens
AutoAnalysis.Interpolation,false
AutoAnalysis.Line1.Enabled,false
AutoAnalysis.Line1.Type,1
AutoAnalysis.Line1.Fix,True
AutoAnalysis.Line1.YAxis,0
AutoAnalysis.Line1.Point1.Type,0
AutoAnalysis.Line1.Point1.XY.X,
AutoAnalysis.Line1.Point1.XY.Y,
AutoAnalysis.Line1.Point1.Data.Var,
AutoAnalysis.Line1.Point1.Data.Condition,
AutoAnalysis.Line1.Point1.Data.Start,false
AutoAnalysis.Line1.Point1.Data.StartVar,
AutoAnalysis.Line1.Point1.Data.StartCondition,
AutoAnalysis.Line1.Point2.Type,0
AutoAnalysis.Line1.Point2.XY.X,
AutoAnalysis.Line1.Point2.XY.Y,
AutoAnalysis.Line1.Point2.Data.Var,
AutoAnalysis.Line1.Point2.Data.Condition,
AutoAnalysis.Line1.Point2.Data.Start,false
AutoAnalysis.Line1.Point2.Data.StartVar,
AutoAnalysis.Line1.Point2.Data.StartCondition,
AutoAnalysis.Line1.GradientExpr,0
AutoAnalysis.Line2.Enabled,false
AutoAnalysis.Line2.Type,1
AutoAnalysis.Line2.Fix,True
AutoAnalysis.Line2.YAxis,0
AutoAnalysis.Line2.Point1.Type,0
AutoAnalysis.Line2.Point1.XY.X,
AutoAnalysis.Line2.Point1.XY.Y,
AutoAnalysis.Line2.Point1.Data.Var,
AutoAnalysis.Line2.Point1.Data.Condition,
AutoAnalysis.Line2.Point1.Data.Start,false
AutoAnalysis.Line2.Point1.Data.StartVar,
AutoAnalysis.Line2.Point1.Data.StartCondition,
AutoAnalysis.Line2.Point2.Type,0
AutoAnalysis.Line2.Point2.XY.X,
AutoAnalysis.Line2.Point2.XY.Y,
AutoAnalysis.Line2.Point2.Data.Var,
AutoAnalysis.Line2.Point2.Data.Condition,
AutoAnalysis.Line2.Point2.Data.Start,false
AutoAnalysis.Line2.Point2.Data.StartVar,
AutoAnalysis.Line2.Point2.Data.StartCondition,
AutoAnalysis.Line2.GradientExpr,0
AutoAnalysis.Marker.Enabled,false
AutoAnalysis.Marker.Data.Var,
AutoAnalysis.Marker.Data.Condition,
AutoAnalysis.Marker.Data.Start,false
AutoAnalysis.Marker.Data.StartVar,
AutoAnalysis.Marker.Data.StartCondition,
Vd,C_dens,G_dens,I_dens,Q_dens,C,G,Id,Freq
0.0012,9.63755555555556E-13,-1.3639E-06,-4.32333333333333E-09,0,8.6738E-13,-1.22751E-06,-3.891E-09,1000000
0.5002,7.97765555555556E-13,-1.10979888888889E-06,2.89666666666667E-09,4.39499517222222E-13,7.17989E-13,-9.98819E-07,2.607E-09,1000000
1.0008,6.06444444444445E-13,-8.08235555555556E-07,3.84E-09,7.90973280222222E-13,5.458E-13,-7.27412E-07,3.456E-09,1000000
1.4992,4.12092222222222E-13,-5.04461111111111E-07,2.00444444444444E-09,1.04479261755556E-12,3.70883E-13,-4.54015E-07,1.804E-09,1000000
1.999,2.71128888888889E-13,-2.84143333333333E-07,-8.38888888888889E-10,1.21552957322222E-12,2.44016E-13,-2.55729E-07,-7.55E-10,1000000
2.5006,2.19496666666667E-13,-2.03928888888889E-07,-3.74444444444444E-09,1.33857846255556E-12,1.97547E-13,-1.83536E-07,-3.37E-09,1000000
2.9994,1.99301111111111E-13,-1.70928888888889E-07,-2.08444444444444E-09,1.44302662833333E-12,1.79371E-13,-1.53836E-07,-1.876E-09,1000000
3.5,1.85878888888889E-13,-1.52983333333333E-07,-5.79222222222222E-09,1.53943718233333E-12,1.67291E-13,-1.37685E-07,-5.213E-09,1000000
4,1.76281111111111E-13,-1.42234444444444E-07,4.82333333333333E-09,1.62997718233333E-12,1.58653E-13,-1.28011E-07,4.341E-09,1000000
4.499,1.68304444444444E-13,-1.33695555555556E-07,6.28555555555555E-09,1.71595127844444E-12,1.51474E-13,-1.20326E-07,5.657E-09,1000000
5.0012,1.6149E-13,-1.27692222222222E-07,2.37444444444444E-09,1.79876266344444E-12,1.45341E-13,-1.14923E-07,2.137E-09,1000000
5.5,1.55463333333333E-13,-1.23108888888889E-07,3.83333333333333E-10,1.87781082477778E-12,1.39917E-13,-1.10798E-07,3.45E-10,1000000
6.0014,1.50106666666667E-13,-1.23353333333333E-07,-4.34111111111111E-09,1.95441722377778E-12,1.35096E-13,-1.11018E-07,-3.907E-09,1000000
6.5002,1.44822222222222E-13,-1.22112222222222E-07,-6.33444444444444E-09,2.02797248866667E-12,1.3034E-13,-1.09901E-07,-5.701E-09,1000000
6.999,1.40451111111111E-13,-1.19248888888889E-07,-1.84111111111111E-09,2.099119658E-12,1.26406E-13,-1.07324E-07,-1.657E-09,1000000
7.5002,1.36138888888889E-13,-1.18448888888889E-07,5.68777777777778E-09,2.168433112E-12,1.22525E-13,-1.06604E-07,5.119E-09,1000000
7.9982,1.32561111111111E-13,-1.15514444444444E-07,6.08888888888889E-09,2.235339412E-12,1.19305E-13,-1.03963E-07,5.48E-09,1000000
8.499,1.28982222222222E-13,-1.1436E-07,2.34777777777778E-09,2.30082986266667E-12,1.16084E-13,-1.02924E-07,2.113E-09,1000000
9,1.25702222222222E-13,-1.11521111111111E-07,9.16666666666667E-10,2.364628316E-12,1.13132E-13,-1.00369E-07,8.25E-10,1000000
9.5014,1.23014444444444E-13,-1.08906888888889E-07,-2.85666666666667E-09,2.42698158433333E-12,1.10713E-13,-9.80162E-08,-2.571E-09,1000000
9.9998,1.20222222222222E-13,-1.07992666666667E-07,-2.01555555555556E-09,2.48759616166667E-12,1.082E-13,-9.71934E-08,-1.814E-09,1000000
10.5012,1.17728888888889E-13,-1.04897666666667E-07,-3.81555555555556E-09,2.54725050522222E-12,1.05956E-13,-9.44079E-08,-3.434E-09,1000000
11.0004,1.15516666666667E-13,-1.05250555555556E-07,5.28222222222222E-09,2.60546859588889E-12,1.03965E-13,-9.47255E-08,4.754E-09,1000000
11.5002,1.13763333333333E-13,-1.03510888888889E-07,4.36555555555556E-09,2.66276566788889E-12,1.02387E-13,-9.31598E-08,3.929E-09,1000000
11.9988,1.12216666666667E-13,-1.01131222222222E-07,3.69444444444444E-09,2.71910248188889E-12,1.00995E-13,-9.10181E-08,3.325E-09,1000000
12.5002,1.10693222222222E-13,-1.00758E-07,-5.10888888888889E-09,2.77498599103333E-12,9.96239E-14,-9.06822E-08,-4.598E-09,1000000
13.0002,1.09271888888889E-13,-9.8908E-08,-1.53666666666667E-09,2.82997726881111E-12,9.83447E-14,-8.90172E-08,-1.383E-09,1000000
13.5004,1.08614888888889E-13,-9.53652222222222E-08,-5.89777777777778E-09,2.88447075193333E-12,9.77534E-14,-8.58287E-08,-5.308E-09,1000000
13.9998,1.07452111111111E-13,-9.52193333333333E-08,-2.56222222222222E-09,2.93842268183333E-12,9.67069E-14,-8.56974E-08,-2.306E-09,1000000
14.5008,1.06616333333333E-13,-9.36211111111111E-08,3.67666666666667E-09,2.99204682716667E-12,9.59547E-14,-8.4259E-08,3.309E-09,1000000
15.0008,1.06291111111111E-13,-9.37888888888889E-08,2.65333333333333E-09,3.04527368827778E-12,9.5662E-14,-8.441E-08,2.388E-09,1000000
15.5012,1.05502E-13,-9.30051111111111E-08,2.22888888888889E-09,3.09826432467778E-12,9.49518E-14,-8.37046E-08,2.006E-09,1000000
16.001,1.05569111111111E-13,-9.3217E-08,-2.08666666666667E-09,3.15101099534445E-12,9.50122E-14,-8.38953E-08,-1.878E-09,1000000
16.4998,1.04904444444444E-13,-9.27887777777778E-08,-8.22222222222222E-10,3.2035031001E-12,9.4414E-14,-8.35099E-08,-7.4E-10,1000000
17.0002,1.04728777777778E-13,-9.10515555555556E-08,-2.54333333333333E-09,3.2559533323E-12,9.42559E-14,-8.19464E-08,-2.289E-09,1000000
17.499,1.04115111111111E-13,-9.19741111111111E-08,1.16E-09,3.30803899818889E-12,9.37036E-14,-8.27767E-08,1.044E-09,1000000
18.0006,1.03568111111111E-13,-9.20998888888889E-08,-4.88222222222222E-09,3.36012595032222E-12,9.32113E-14,-8.28899E-08,-4.394E-09,1000000
18.5004,1.03133555555556E-13,-9.50532222222222E-08,-6.9E-10,3.41178069682222E-12,9.28202E-14,-8.55479E-08,-6.21E-10,1000000
19.0006,1.02657888888889E-13,-9.58521111111111E-08,-3.40333333333333E-09,3.46324913707778E-12,9.23921E-14,-8.62669E-08,-3.063E-09,1000000
19.499,1.02215555555556E-13,-9.43732222222222E-08,-9.72222222222222E-10,3.51430359943333E-12,9.1994E-14,-8.49359E-08,-8.75E-10,1000000
19.9992,1.01715333333333E-13,-9.77127777777778E-08,-4.14444444444444E-09,3.56530671474444E-12,9.15438E-14,-8.79415E-08,-3.73E-09,1000000
20.501,1.01276555555556E-13,-9.65648888888889E-08,-3.38666666666667E-09,3.61623737966667E-12,9.11489E-14,-8.69084E-08,-3.048E-09,1000000
21.0002,1.00764333333333E-13,-9.73462222222222E-08,-4.19E-09,3.66666678553333E-12,9.06879E-14,-8.76116E-08,-3.771E-09,1000000
21.501,1.00516333333333E-13,-9.94254444444444E-08,-5.48888888888889E-10,3.71706746446667E-12,9.04647E-14,-8.94829E-08,-4.94E-10,1000000
22.0008,1.00276E-13,-9.81054444444444E-08,2.48888888888889E-10,3.76724546856667E-12,9.02484E-14,-8.82949E-08,2.24E-10,1000000
22.5016,9.98154444444444E-14,-9.89905555555556E-08,8.13222222222222E-09,3.81734836625556E-12,8.98339E-14,-8.90915E-08,7.319E-09,1000000
22.9984,9.95562222222222E-14,-9.89948888888889E-08,2.07111111111111E-09,3.86687228825556E-12,8.96006E-14,-8.90954E-08,1.864E-09,1000000
23.5012,9.90292222222222E-14,-9.66638888888889E-08,3.83777777777778E-09,3.91679666898889E-12,8.91263E-14,-8.69975E-08,3.454E-09,1000000
24.0004,9.89104444444444E-14,-9.79883333333333E-08,6.61666666666667E-09,3.96620240978889E-12,8.90194E-14,-8.81895E-08,5.955E-09,1000000
24.5,9.84461111111111E-14,-9.61451111111111E-08,3.17111111111111E-09,4.01550207736667E-12,8.86015E-14,-8.65306E-08,2.854E-09,1000000
25.0008,9.81758888888889E-14,-9.78226666666667E-08,3.73222222222222E-09,4.06473622616667E-12,8.83583E-14,-8.80404E-08,3.359E-09,1000000
25.499,9.74902222222222E-14,-9.62178888888889E-08,5.40111111111111E-09,4.11347665444445E-12,8.77412E-14,-8.65961E-08,4.861E-09,1000000
25.9992,9.75428888888889E-14,-9.6922E-08,4.1E-09,4.16225443553333E-12,8.77886E-14,-8.72298E-08,3.69E-09,1000000
26.499,9.6854E-14,-9.53326666666667E-08,7.48444444444444E-09,4.21083421806667E-12,8.71686E-14,-8.57994E-08,6.736E-09,1000000
26.9998,9.66838888888889E-14,-9.5103E-08,-3.76444444444444E-09,4.25929610544445E-12,8.70155E-14,-8.55927E-08,-3.388E-09,1000000
27.501,9.62384444444444E-14,-9.34077777777778E-08,-1.87E-09,4.30764244217778E-12,8.66146E-14,-8.4067E-08,-1.683E-09,1000000
28.0008,9.56093333333333E-14,-9.356E-08,-5.30333333333333E-09,4.35558520184445E-12,8.60484E-14,-8.4204E-08,-4.773E-09,1000000
28.5014,9.56374444444444E-14,-9.31273333333333E-08,-3.97777777777778E-10,4.40345427032222E-12,8.60737E-14,-8.38146E-08,-3.58E-10,1000000
29,9.50826666666667E-14,-9.37938888888889E-08,4.17777777777778E-09,4.45100079402222E-12,8.55744E-14,-8.44145E-08,3.76E-09,1000000
29.5002,9.50078888888889E-14,-9.20566666666667E-08,-6.21111111111111E-10,4.49854244196667E-12,8.55071E-14,-8.2851E-08,-5.59E-10,1000000
29.9996,9.50191111111111E-14,-9.42574444444444E-08,6.56444444444444E-09,4.54599218386667E-12,8.55172E-14,-8.48317E-08,5.908E-09,1000000
30.5004,9.4705E-14,-9.30522222222222E-08,-3.52222222222222E-10,4.59349910128889E-12,8.52345E-14,-8.3747E-08,-3.17E-10,1000000
30.9994,9.44134444444444E-14,-9.14606666666667E-08,-5.55555555555556E-11,4.64068415317778E-12,8.49721E-14,-8.23146E-08,-5E-11,1000000
31.5006,9.3935E-14,-9.28335555555556E-08,-5.55777777777778E-09,4.68788427335556E-12,8.45415E-14,-8.35502E-08,-5.002E-09,1000000
32,9.36827777777778E-14,-9.15952222222222E-08,-4.62666666666667E-09,4.73473243246667E-12,8.43145E-14,-8.24357E-08,-4.164E-09,1000000
32.4998,9.31445555555556E-14,-9.27605555555556E-08,5.49333333333333E-09,4.78142058306667E-12,8.38301E-14,-8.34845E-08,4.944E-09,1000000
32.9992,9.25592222222222E-14,-9.22285555555556E-08,1.34222222222222E-09,4.82779081637778E-12,8.33033E-14,-8.30057E-08,1.208E-09,1000000
33.4992,9.20747777777778E-14,-9.09835555555556E-08,-7.66666666666667E-10,4.87394931637778E-12,8.28673E-14,-8.18852E-08,-6.9E-10,1000000
34.0004,9.17414444444444E-14,-9.2085E-08,3.70222222222222E-09,4.92001366166667E-12,8.25673E-14,-8.28765E-08,3.332E-09,1000000
34.5012,9.12927777777778E-14,-9.22305555555555E-08,4.22555555555556E-09,4.96584543091111E-12,8.21635E-14,-8.30075E-08,3.803E-09,1000000
35.0006,9.0756E-14,-9.04337777777778E-08,7.70222222222222E-09,5.01130301072222E-12,8.16804E-14,-8.13904E-08,6.932E-09,1000000
35.5012,9.0872E-14,-9.148E-08,-3.64555555555556E-09,5.05676449912222E-12,8.17848E-14,-8.2332E-08,-3.281E-09,1000000
36.0002,9.06618888888889E-14,-8.98774444444444E-08,-3.39111111111111E-09,5.1020572044E-12,8.15957E-14,-8.08897E-08,-3.052E-09,1000000
36.501,9.05174444444444E-14,-9.14578888888889E-08,3.78888888888889E-10,5.14742450946667E-12,8.14657E-14,-8.23121E-08,3.41E-10,1000000
37,9.0129E-14,-8.88134444444444E-08,-4.79888888888889E-09,5.19249579735556E-12,8.11161E-14,-7.99321E-08,-4.319E-09,1000000
37.4998,9.04033333333333E-14,-8.86413333333333E-08,7.04777777777778E-09,5.23761082745556E-12,8.1363E-14,-7.97772E-08,6.343E-09,1000000
38.001,8.9966E-14,-8.89988888888889E-08,-3.10666666666667E-09,5.28281138238889E-12,8.09694E-14,-8.0099E-08,-2.796E-09,1000000
38.5006,8.96655555555556E-14,-8.64361111111111E-08,7.42444444444444E-09,5.32768334496667E-12,8.0699E-14,-7.77925E-08,6.682E-09,1000000
39,8.93793333333333E-14,-8.63235555555556E-08,-2.46333333333333E-09,5.37239085372222E-12,8.04414E-14,-7.76912E-08,-2.217E-09,1000000
39.5002,8.93458888888889E-14,-8.56282222222222E-08,3.49E-09,5.4170900318E-12,8.04113E-14,-7.70654E-08,3.141E-09,1000000
40,8.89113333333333E-14,-8.82548888888889E-08,-2.18111111111111E-09,5.46163651163334E-12,8.00202E-14,-7.94294E-08,-1.963E-09,1000000
40.5008,8.85512222222222E-14,-8.72328888888889E-08,1.68333333333333E-09,5.50607313554445E-12,7.96961E-14,-7.85096E-08,1.515E-09,1000000
41.0002,8.84581111111111E-14,-8.81576666666667E-08,-6.84444444444444E-10,5.55027236607778E-12,7.96123E-14,-7.93419E-08,-6.16E-10,1000000
41.5014,8.75714444444444E-14,-8.92612222222222E-08,-3.35777777777778E-09,5.5943853727E-12,7.88143E-14,-8.03351E-08,-3.022E-09,1000000
41.999,8.69191111111111E-14,-8.69456666666667E-08,9.71333333333333E-09,5.63779862292222E-12,7.82272E-14,-7.82511E-08,8.742E-09,1000000
42.5,8.64567777777778E-14,-8.56411111111111E-08,2.32E-09,5.68122928308889E-12,7.78111E-14,-7.7077E-08,2.088E-09,1000000
43.0006,8.61275555555555E-14,-8.42746666666667E-08,2.67111111111111E-09,5.72442714172222E-12,7.75148E-14,-7.58472E-08,2.404E-09,1000000
43.4994,8.5719E-14,-8.51244444444444E-08,-5.05222222222222E-09,5.76728567267778E-12,7.71471E-14,-7.6612E-08,-4.547E-09,1000000
43.9992,8.57513333333333E-14,-8.52436666666667E-08,1.28555555555556E-09,5.81013610897778E-12,7.71762E-14,-7.67193E-08,1.157E-09,1000000
44.5,8.50346666666667E-14,-8.4822E-08,-4.31555555555556E-09,5.85290092337778E-12,7.65312E-14,-7.63398E-08,-3.884E-09,1000000
44.9998,8.51576666666667E-14,-8.61176666666667E-08,-6.32444444444444E-09,5.89543198747778E-12,7.66419E-14,-7.75059E-08,-5.692E-09,1000000
45.5004,8.49187777777778E-14,-8.4897E-08,1.04666666666667E-08,5.93800212152222E-12,7.64269E-14,-7.64073E-08,9.42E-09,1000000
46,8.508E-14,-8.6206E-08,-7.32222222222222E-10,5.98046781621111E-12,7.6572E-14,-7.75854E-08,-6.59E-10,1000000
46.5008,8.44634444444444E-14,-8.55657777777778E-08,1.25777777777778E-09,6.0229214947E-12,7.60171E-14,-7.70092E-08,1.132E-09,1000000
46.9994,8.47448888888889E-14,-8.68681111111111E-08,-1.52111111111111E-09,6.0651051322E-12,7.62704E-14,-7.81813E-08,-1.369E-09,1000000
47.5002,8.45091111111111E-14,-8.74198888888889E-08,5.05555555555556E-10,6.1074863338E-12,7.60582E-14,-7.86779E-08,4.55E-10,1000000
48.001,8.44876666666667E-14,-8.59741111111111E-08,3.45222222222222E-09,6.14980312695556E-12,7.60389E-14,-7.73767E-08,3.107E-09,1000000
48.5002,8.46004444444444E-14,-8.78592222222222E-08,1.67111111111111E-09,6.19200751948889E-12,7.61404E-14,-7.90733E-08,1.504E-09,1000000
48.9996,8.42965555555556E-14,-8.62544444444444E-08,3.74333333333333E-09,6.23418110038889E-12,7.58669E-14,-7.7629E-08,3.369E-09,1000000
49.4998,8.45294444444444E-14,-9.06183333333333E-08,-1.75E-09,6.27640448298889E-12,7.60765E-14,-8.15565E-08,-1.575E-09,1000000
50.0002,8.42751111111111E-14,-8.79915555555556E-08,-8.45555555555555E-10,6.31863938278889E-12,7.58476E-14,-7.91924E-08,-7.61E-10,1000000
50.5014,8.49004444444444E-14,-8.84751111111111E-08,-7.02111111111111E-09,6.36103477701111E-12,7.64104E-14,-7.96276E-08,-6.319E-09,1000000
51.0004,8.48126666666667E-14,-8.94573333333333E-08,3.19111111111111E-09,6.40337819823333E-12,7.63314E-14,-8.05116E-08,2.872E-09,1000000
51.5004,8.4475E-14,-8.82852222222222E-08,1.64E-09,6.4457001149E-12,7.60275E-14,-7.94567E-08,1.476E-09,1000000
52,8.42136666666667E-14,-8.93247777777778E-08,-2.20222222222222E-09,6.48783854383333E-12,7.57923E-14,-8.03923E-08,-1.982E-09,1000000
52.5012,8.24824444444444E-14,-8.7945E-08,5.44555555555556E-09,6.52961258927778E-12,7.42342E-14,-7.91505E-08,4.901E-09,1000000
53.0002,8.09711111111111E-14,-8.7276E-08,-5.6E-10,6.57039425138889E-12,7.2874E-14,-7.85484E-08,-5.04E-10,1000000
53.5006,8.03311111111111E-14,-8.37927777777778E-08,2.30444444444444E-09,6.61075206738889E-12,7.2298E-14,-7.54135E-08,2.074E-09,1000000
54,7.99214444444444E-14,-8.48588888888889E-08,-4.87E-09,6.65076713051111E-12,7.19293E-14,-7.6373E-08,-4.383E-09,1000000
54.501,7.94085555555555E-14,-8.5117E-08,-1.50111111111111E-09,6.69067929551111E-12,7.14677E-14,-7.66053E-08,-1.351E-09,1000000
55.0006,7.90607777777778E-14,-8.55297777777778E-08,-1.33333333333333E-11,6.73026493497778E-12,7.11547E-14,-7.69768E-08,-1.2E-11,1000000
55.5004,7.88025555555555E-14,-8.38477777777778E-08,-3.90666666666667E-09,6.76971498197778E-12,7.09223E-14,-7.5463E-08,-3.516E-09,1000000
56.0008,7.83795555555555E-14,-8.48277777777778E-08,9.26777777777778E-09,6.80904194617778E-12,7.05416E-14,-7.6345E-08,8.341E-09,1000000
56.5008,7.78863333333333E-14,-8.53905555555556E-08,5.16666666666667E-10,6.8481084184E-12,7.00977E-14,-7.68515E-08,4.65E-10,1000000
56.9996,7.77925555555555E-14,-8.30684444444444E-08,4.23222222222222E-09,6.88693473328889E-12,7.00133E-14,-7.47616E-08,3.809E-09,1000000
57.5,7.7339E-14,-8.39733333333333E-08,-1.03777777777778E-09,6.92574864848889E-12,6.96051E-14,-7.5576E-08,-9.34E-10,1000000
57.9988,7.72476666666667E-14,-8.38453333333333E-08,2.82333333333333E-09,6.96430256315556E-12,6.95229E-14,-7.54608E-08,2.541E-09,1000000
58.501,7.72286666666667E-14,-8.48783333333333E-08,-4.52444444444444E-09,7.00309157045556E-12,6.95058E-14,-7.63905E-08,-4.072E-09,1000000
59.0002,7.68292222222222E-14,-8.22582222222222E-08,8.56666666666667E-10,7.04154441952222E-12,6.91463E-14,-7.40324E-08,7.71E-10,1000000
59.5008,7.68513333333333E-14,-8.29822222222222E-08,3.42222222222222E-09,7.08001066257778E-12,6.91662E-14,-7.4684E-08,3.08E-09,1000000
60.0012,7.64726666666667E-14,-8.37745555555556E-08,-2.80666666666667E-09,7.11837232737778E-12,6.88254E-14,-7.53971E-08,-2.526E-09,1000000
60.5,7.62141111111111E-14,-8.21323333333333E-08,-7.65111111111111E-09,7.15645240975556E-12,6.85927E-14,-7.39191E-08,-6.886E-09,1000000
61.0004,7.59214444444444E-14,-8.21675555555556E-08,6.04222222222222E-09,7.19451672575556E-12,6.83293E-14,-7.39508E-08,5.438E-09,1000000
61.5002,7.56632222222222E-14,-8.45426666666667E-08,-5.16888888888889E-09,7.23239773395556E-12,6.80969E-14,-7.60884E-08,-4.652E-09,1000000
62.0008,7.58962222222222E-14,-8.51452222222222E-08,1.18444444444444E-09,7.2703330629E-12,6.83066E-14,-7.66307E-08,1.066E-09,1000000
62.4988,7.53695555555556E-14,-8.24942222222222E-08,-6.90444444444444E-09,7.30799824156667E-12,6.78326E-14,-7.42448E-08,-6.214E-09,1000000
62.9998,7.56488888888889E-14,-8.12471111111111E-08,-1.18444444444444E-09,7.3458283619E-12,6.8084E-14,-7.31224E-08,-1.066E-09,1000000
63.5006,7.51092222222222E-14,-8.17503333333333E-08,1.06766666666667E-08,7.38357819292222E-12,6.75983E-14,-7.35753E-08,9.609E-09,1000000
63.9996,7.48191111111111E-14,-8.26795555555556E-08,1.38555555555556E-09,7.42098531208889E-12,6.73372E-14,-7.44116E-08,1.247E-09,1000000
64.4998,7.47424444444444E-14,-8.24388888888889E-08,4.99111111111111E-09,7.45839065713334E-12,6.72682E-14,-7.4195E-08,4.492E-09,1000000
64.9994,7.46142222222222E-14,-8.04787777777778E-08,-4.62777777777778E-09,7.49569995246667E-12,6.71528E-14,-7.24309E-08,-4.165E-09,1000000
65.5002,7.4511E-14,-8.14721111111111E-08,-7.04444444444444E-09,7.53304090811111E-12,6.70599E-14,-7.33249E-08,-6.34E-09,1000000
65.9992,7.39812222222222E-14,-8.07347777777778E-08,5.84222222222222E-09,7.57008971755556E-12,6.65831E-14,-7.26613E-08,5.258E-09,1000000
66.4998,7.41838888888889E-14,-8.03E-08,-2.55222222222222E-09,7.60717544486667E-12,6.67655E-14,-7.227E-08,-2.297E-09,1000000
66.998,7.41905555555556E-14,-8.15912222222222E-08,2.16555555555556E-09,7.64413551897778E-12,6.67715E-14,-7.34321E-08,1.949E-09,1000000
67.5006,7.41551111111111E-14,-8.05295555555556E-08,2.83333333333333E-09,7.68141478501111E-12,6.67396E-14,-7.24766E-08,2.55E-09,1000000
67.9998,7.37033333333333E-14,-8.2483E-08,5.10777777777778E-09,7.71832025274445E-12,6.6333E-14,-7.42347E-08,4.597E-09,1000000
68.501,7.35775555555556E-14,-7.84214444444444E-08,-3.09333333333333E-09,7.7552288435E-12,6.62198E-14,-7.05793E-08,-2.784E-09,1000000
68.999,7.34194444444445E-14,-7.85031111111111E-08,-1.05488888888889E-08,7.7918310965E-12,6.60775E-14,-7.06528E-08,-9.494E-09,1000000
69.5012,7.32575555555555E-14,-7.99047777777778E-08,2.54555555555556E-09,7.8286616912E-12,6.59318E-14,-7.19143E-08,2.291E-09,1000000
70.0006,7.32153333333333E-14,-7.93573333333333E-08,-1.01222222222222E-08,7.86523597155556E-12,6.58938E-14,-7.14216E-08,-9.11E-09,1000000
70.5002,7.29624444444444E-14,-7.82713333333333E-08,1.17766666666667E-08,7.90175118044445E-12,6.56662E-14,-7.04442E-08,1.0599E-08,1000000
71.001,7.2759E-14,-7.73838888888889E-08,-1.65777777777778E-09,7.93823983013334E-12,6.54831E-14,-6.96455E-08,-1.492E-09,1000000
71.4992,7.25672222222222E-14,-7.80217777777778E-08,8.77333333333333E-09,7.97444059208889E-12,6.53105E-14,-7.02196E-08,7.896E-09,1000000
72.001,7.20057777777778E-14,-7.62713333333333E-08,7.35444444444444E-09,8.01071395778889E-12,6.48052E-14,-6.86442E-08,6.619E-09,1000000
72.5006,7.18084444444445E-14,-7.58607777777778E-08,2.51222222222222E-09,8.0466387505E-12,6.46276E-14,-6.82747E-08,2.261E-09,1000000
72.9992,7.04758888888889E-14,-7.50593333333333E-08,4.77777777777778E-09,8.0821102348E-12,6.34283E-14,-6.75534E-08,4.3E-09,1000000
73.499,6.98263333333333E-14,-7.47943333333333E-08,-5.73E-09,8.11717176013333E-12,6.28437E-14,-6.73149E-08,-5.157E-09,1000000
73.9994,6.96032222222222E-14,-7.49708888888889E-08,-5.78E-09,8.15205703493334E-12,6.26429E-14,-6.74738E-08,-5.202E-09,1000000
74.4996,6.94212222222222E-14,-7.52821111111111E-08,-1.22288888888889E-08,8.18682704848889E-12,6.24791E-14,-6.77539E-08,-1.1006E-08,1000000
75.0006,6.95526666666667E-14,-7.38893333333333E-08,-3.11222222222222E-09,8.22164000765556E-12,6.25974E-14,-6.65004E-08,-2.801E-09,1000000
75.5002,6.93232222222222E-14,-7.58361111111111E-08,1.187E-08,8.2563312047E-12,6.23909E-14,-6.82525E-08,1.0683E-08,1000000
75.9996,6.9064E-14,-7.64717777777778E-08,8.87E-09,8.29088649408889E-12,6.21576E-14,-6.88246E-08,7.983E-09,1000000
76.5006,6.93204444444444E-14,-7.45713333333333E-08,5.72111111111111E-09,8.32555179742222E-12,6.23884E-14,-6.71142E-08,5.149E-09,1000000
77.001,6.9051E-14,-7.41938888888889E-08,-6.32666666666667E-09,8.36017233282222E-12,6.21459E-14,-6.67745E-08,-5.694E-09,1000000
77.4996,6.9136E-14,-7.53703333333333E-08,-4.59666666666667E-09,8.39462235192222E-12,6.22224E-14,-6.78333E-08,-4.137E-09,1000000
78.0008,6.86944444444445E-14,-7.44697777777778E-08,-2.18444444444444E-09,8.4291626613E-12,6.1825E-14,-6.70228E-08,-1.966E-09,1000000
78.5006,6.85275555555555E-14,-7.51407777777778E-08,-7.86888888888889E-09,8.4634544391E-12,6.16748E-14,-6.76267E-08,-7.082E-09,1000000
78.999,6.78031111111111E-14,-7.52002222222222E-08,3.98E-09,8.49742804123333E-12,6.10228E-14,-6.76802E-08,3.582E-09,1000000
79.4996,6.72856666666667E-14,-6.97326666666667E-08,-4.49333333333333E-09,8.53124076231111E-12,6.05571E-14,-6.27594E-08,-4.044E-09,1000000
80.0002,6.6706E-14,-6.90018888888889E-08,-3.60555555555556E-09,8.56477887647778E-12,6.00354E-14,-6.21017E-08,-3.245E-09,1000000
80.5008,6.65321111111111E-14,-7.19752222222222E-08,1.53666666666667E-08,8.59812837568889E-12,5.98789E-14,-6.47777E-08,1.383E-08,1000000
80.9994,6.65057777777778E-14,-6.83441111111111E-08,2.53444444444444E-09,8.63129472138889E-12,5.98552E-14,-6.15097E-08,2.281E-09,1000000
81.4994,6.61625555555556E-14,-6.75957777777778E-08,5.39333333333333E-09,8.66446180472222E-12,5.95463E-14,-6.08362E-08,4.854E-09,1000000
82.0008,6.62187777777778E-14,-6.87922222222222E-08,1.116E-08,8.69764980498889E-12,5.95969E-14,-6.1913E-08,1.0044E-08,1000000
82.4994,6.62205555555555E-14,-6.75538888888889E-08,4.43333333333333E-09,8.73066693078889E-12,5.95985E-14,-6.07985E-08,3.99E-09,1000000
82.999,6.59247777777778E-14,-6.77635555555556E-08,6.39333333333333E-09,8.76367683505556E-12,5.93323E-14,-6.09872E-08,5.754E-09,1000000
83.4998,6.55045555555556E-14,-6.8397E-08,-5.46666666666667E-10,8.79658674012223E-12,5.89541E-14,-6.15573E-08,-4.92E-10,1000000
83.9992,6.55365555555556E-14,-7.05358888888889E-08,-1.30666666666667E-09,8.82930770556667E-12,5.89829E-14,-6.34823E-08,-1.176E-09,1000000
84.4996,6.55425555555556E-14,-6.63552222222222E-08,8.43222222222222E-09,8.86210369916667E-12,5.89883E-14,-5.97197E-08,7.589E-09,1000000
85.0014,6.53173333333333E-14,-6.74412222222222E-08,9E-10,8.89493644528889E-12,5.87856E-14,-6.06971E-08,8.1E-10,1000000
85.4998,6.54195555555556E-14,-6.87104444444444E-08,7.07555555555555E-09,8.927516078E-12,5.88776E-14,-6.18394E-08,6.368E-09,1000000
85.9998,6.50313333333333E-14,-6.81938888888889E-08,5.30444444444445E-09,8.96012880022222E-12,5.85282E-14,-6.13745E-08,4.774E-09,1000000
86.5002,6.49557777777778E-14,-6.62094444444445E-08,1.88222222222222E-08,8.99265157542223E-12,5.84602E-14,-5.95885E-08,1.694E-08,1000000
86.9992,6.49256666666667E-14,-6.77478888888889E-08,2.34444444444444E-10,9.02505699581111E-12,5.84331E-14,-6.09731E-08,2.11E-10,1000000
87.4996,6.48595555555556E-14,-6.75912222222222E-08,-8.06777777777778E-09,9.05752925841111E-12,5.83736E-14,-6.08321E-08,-7.261E-09,1000000
87.9996,6.46382222222222E-14,-6.81231111111111E-08,2.29555555555556E-09,9.08990370285556E-12,5.81744E-14,-6.13108E-08,2.066E-09,1000000
88.5016,6.48753333333333E-14,-6.81474444444445E-08,-3.43333333333333E-10,9.1224116053E-12,5.83878E-14,-6.13327E-08,-3.09E-10,1000000
89,6.4985E-14,-6.94608888888889E-08,-3.25222222222222E-09,9.15477280036667E-12,5.84865E-14,-6.25148E-08,-2.927E-09,1000000
89.4998,6.42901111111111E-14,-6.83747777777778E-08,-1.60111111111111E-09,9.18707865063334E-12,5.78611E-14,-6.15373E-08,-1.441E-09,1000000
90.0002,6.4242E-14,-6.77036666666667E-08,1.09E-08,9.21923738483334E-12,5.78178E-14,-6.09333E-08,9.81E-09,1000000
90.5002,6.41565555555556E-14,-6.83372222222222E-08,-5.95666666666667E-09,9.25133702372223E-12,5.77409E-14,-6.15035E-08,-5.361E-09,1000000
90.9994,6.41222222222222E-14,-6.92576666666667E-08,-6.58111111111111E-09,9.28335540665556E-12,5.771E-14,-6.23319E-08,-5.923E-09,1000000
91.501,6.39457777777778E-14,-7.0028E-08,1.51688888888889E-08,9.31547486105556E-12,5.75512E-14,-6.30252E-08,1.3652E-08,1000000
92.0002,6.36457777777778E-14,-6.80303333333333E-08,-6.26888888888889E-09,9.34732171332223E-12,5.72812E-14,-6.12273E-08,-5.642E-09,1000000
92.4996,6.33394444444444E-14,-6.61871111111111E-08,-7.40111111111111E-09,9.37902992331112E-12,5.70055E-14,-5.95684E-08,-6.661E-09,1000000
93.0006,6.2946E-14,-6.86615555555556E-08,1.15422222222222E-08,9.41066442714445E-12,5.66514E-14,-6.17954E-08,1.0388E-08,1000000
93.4998,6.2796E-14,-6.92442222222222E-08,-2.03777777777778E-09,9.44204963034445E-12,5.65164E-14,-6.23198E-08,-1.834E-09,1000000
93.9992,6.27622222222222E-14,-6.96062222222222E-08,-5.16E-09,9.47340151843334E-12,5.6486E-14,-6.26456E-08,-4.644E-09,1000000
94.5006,6.23308888888889E-14,-6.73371111111111E-08,7.17111111111111E-09,9.50476236138889E-12,5.60978E-14,-6.06034E-08,6.454E-09,1000000
94.999,6.22321111111111E-14,-6.57213333333333E-08,-4.05555555555556E-09,9.5358034609889E-12,5.60089E-14,-5.91492E-08,-3.65E-09,1000000
95.4996,6.20632222222222E-14,-6.60677777777778E-08,-4.44666666666667E-09,9.56691458292223E-12,5.58569E-14,-5.9461E-08,-4.002E-09,1000000
96.002,6.1708E-14,-6.39134444444444E-08,1.03466666666667E-08,9.59800591394445E-12,5.55372E-14,-5.75221E-08,9.312E-09,1000000
96.5018,6.17848888888889E-14,-6.40613333333333E-08,-5.83777777777778E-09,9.62886678687778E-12,5.56064E-14,-5.76552E-08,-5.254E-09,1000000
96.999,6.14094444444444E-14,-6.17524444444444E-08,4.19888888888889E-09,9.65949289814445E-12,5.52685E-14,-5.55772E-08,3.779E-09,1000000
97.5006,6.10257777777778E-14,-6.31981111111111E-08,-3.25555555555556E-09,9.69019965187778E-12,5.49232E-14,-5.68783E-08,-2.93E-09,1000000
98.0012,6.11452222222222E-14,-6.09886666666667E-08,1.28188888888889E-08,9.72077905317778E-12,5.50307E-14,-5.48898E-08,1.1537E-08,1000000
98.5006,6.09622222222222E-14,-6.2324E-08,1.56111111111111E-08,9.75126928205556E-12,5.4866E-14,-5.60916E-08,1.405E-08,1000000
99,6.08328888888889E-14,-6.341E-08,2.57777777777778E-09,9.78168152130001E-12,5.47496E-14,-5.7069E-08,2.32E-09,1000000
99.5,6.05887777777778E-14,-6.18537777777778E-08,7.30333333333333E-09,9.81203693796667E-12,5.45299E-14,-5.56684E-08,6.573E-09,1000000
100.0006,6.0268E-14,-6.08406666666667E-08,1.58411111111111E-08,9.84228738944445E-12,5.42412E-14,-5.47566E-08,1.4257E-08,1000000
100.5006,5.99363333333333E-14,-6.28492222222222E-08,2.02222222222222E-09,9.87233847277778E-12,5.39427E-14,-5.65643E-08,1.82E-09,1000000
100.9992,6.01651111111111E-14,-6.20148888888889E-08,4.86333333333333E-09,9.90227976287778E-12,5.41486E-14,-5.58134E-08,4.377E-09,1000000
101.5008,6.0047E-14,-6.02688888888889E-08,1.25722222222222E-08,9.93242896034445E-12,5.40423E-14,-5.4242E-08,1.1315E-08,1000000
101.9994,5.91455555555555E-14,-6.11804444444444E-08,3.65555555555556E-09,9.96214366444445E-12,5.3231E-14,-5.50624E-08,3.29E-09,1000000
102.4984,5.95748888888889E-14,-6.08515555555556E-08,9.54333333333333E-09,9.99176441533334E-12,5.36174E-14,-5.47664E-08,8.589E-09,1000000
103.0008,5.9356E-14,-5.98516666666667E-08,8.23555555555556E-09,1.00216398546222E-11,5.34204E-14,-5.38665E-08,7.412E-09,1000000
103.4998,5.91536666666667E-14,-6.15821111111111E-08,-3.32222222222222E-10,1.00512080164556E-11,5.32383E-14,-5.54239E-08,-2.99E-10,1000000
104.0004,5.93387777777778E-14,-6.25953333333333E-08,3.28888888888889E-09,1.00808666753E-11,5.34049E-14,-5.63358E-08,2.96E-09,1000000
104.5,5.93236666666667E-14,-6.33148888888889E-08,1.36566666666667E-08,1.01105085539222E-11,5.33913E-14,-5.69834E-08,1.2291E-08,1000000
104.9998,5.88978888888889E-14,-6.22906666666667E-08,-8.57444444444444E-09,1.01400521206556E-11,5.30081E-14,-5.60616E-08,-7.717E-09,1000000
105.5002,5.8873E-14,-6.06307777777778E-08,-1.14722222222222E-08,1.01695183970556E-11,5.29857E-14,-5.45677E-08,-1.0325E-08,1000000
105.999,5.88613333333333E-14,-6.17322222222222E-08,1.69444444444444E-09,1.01988813397889E-11,5.29752E-14,-5.5559E-08,1.525E-09,1000000
106.5006,5.86042222222222E-14,-6.06131111111111E-08,-1.67333333333333E-09,1.02283417011222E-11,5.27438E-14,-5.45518E-08,-1.506E-09,1000000
107.0002,5.85476666666667E-14,-6.06858888888889E-08,-9.77444444444444E-09,1.02576062429667E-11,5.26929E-14,-5.46173E-08,-8.797E-09,1000000
107.5006,5.87015555555556E-14,-6.13105555555556E-08,-2.02555555555556E-09,1.02869419983667E-11,5.28314E-14,-5.51795E-08,-1.823E-09,1000000
108.0012,5.85231111111111E-14,-5.89973333333333E-08,1.43844444444444E-08,1.03162833324333E-11,5.26708E-14,-5.30976E-08,1.2946E-08,1000000
108.5008,5.82535555555556E-14,-6.14937777777778E-08,-4.42333333333333E-09,1.03454541437667E-11,5.24282E-14,-5.53444E-08,-3.981E-09,1000000
109,5.80248888888889E-14,-5.90567777777778E-08,-8.13666666666667E-09,1.03744772435E-11,5.22224E-14,-5.31511E-08,-7.323E-09,1000000
109.4992,5.80487777777778E-14,-5.99442222222222E-08,1.513E-08,1.04034492307E-11,5.22439E-14,-5.39498E-08,1.3617E-08,1000000
109.9998,5.79792222222222E-14,-5.97301111111111E-08,-4.66E-09,1.04324910391E-11,5.21813E-14,-5.37571E-08,-4.194E-09,1000000
110.501,5.81067777777778E-14,-5.77081111111111E-08,-8.95777777777778E-09,1.04615821907E-11,5.22961E-14,-5.19373E-08,-8.062E-09,1000000
111.0012,5.7727E-14,-6.06018888888889E-08,9.66222222222222E-09,1.04905522185222E-11,5.19543E-14,-5.45417E-08,8.696E-09,1000000
111.4998,5.77245555555555E-14,-5.96881111111111E-08,-4.67777777777778E-10,1.05193342913222E-11,5.19521E-14,-5.37193E-08,-4.21E-10,1000000
112.001,5.70897777777778E-14,-5.84695555555556E-08,3.54444444444444E-09,1.05481067632556E-11,5.13808E-14,-5.26226E-08,3.19E-09,1000000
112.5,5.68961111111111E-14,-5.93855555555556E-08,4.45777777777778E-09,1.05765462425333E-11,5.12065E-14,-5.3447E-08,4.012E-09,1000000
112.9998,5.6019E-14,-5.67455555555556E-08,3.37444444444444E-09,1.06047637288E-11,5.04171E-14,-5.1071E-08,3.037E-09,1000000
113.5002,5.60291111111111E-14,-5.66572222222222E-08,-8.63333333333333E-10,1.06327981662E-11,5.04262E-14,-5.09915E-08,-7.77E-10,1000000
114.0006,5.55917777777778E-14,-5.64563333333333E-08,6.81444444444444E-09,1.06607257126E-11,5.00326E-14,-5.08107E-08,6.133E-09,1000000
114.5004,5.55098888888889E-14,-5.40414444444444E-08,-6.92444444444444E-09,1.06884900191E-11,4.99589E-14,-4.86373E-08,-6.232E-09,1000000
114.9994,5.51898888888889E-14,-5.73303333333333E-08,-1.32411111111111E-08,1.07161096136556E-11,4.96709E-14,-5.15973E-08,-1.1917E-08,1000000
115.5014,5.4933E-14,-5.73236666666667E-08,1.50866666666667E-08,1.07437504587667E-11,4.94397E-14,-5.15913E-08,1.3578E-08,1000000
116.001,5.47423333333333E-14,-5.54606666666667E-08,-8.75666666666667E-09,1.07711473570333E-11,4.92681E-14,-4.99146E-08,-7.881E-09,1000000
116.4994,5.47935555555556E-14,-5.76128888888889E-08,3.31222222222222E-09,1.07984437005444E-11,4.93142E-14,-5.18516E-08,2.981E-09,1000000
116.9998,5.43172222222222E-14,-5.55732222222222E-08,-1.63133333333333E-08,1.08257432171444E-11,4.88855E-14,-5.00159E-08,-1.4682E-08,1000000
117.499,5.4482E-14,-5.56284444444445E-08,-1.34366666666667E-08,1.08528995030111E-11,4.90338E-14,-5.00656E-08,-1.2093E-08,1000000
118,5.44191111111111E-14,-5.69704444444444E-08,1.99188888888889E-08,1.08801792313444E-11,4.89772E-14,-5.12734E-08,1.7927E-08,1000000
118.5,5.41337777777778E-14,-5.6476E-08,-5.51333333333333E-09,1.09073174535667E-11,4.87204E-14,-5.08284E-08,-4.962E-09,1000000
118.9998,5.41236666666667E-14,-5.62838888888889E-08,7.26111111111111E-09,1.09343709889333E-11,4.87113E-14,-5.06555E-08,6.535E-09,1000000
119.5006,5.38763333333333E-14,-5.69968888888889E-08,1.29822222222222E-08,1.09614141889333E-11,4.84887E-14,-5.12972E-08,1.1684E-08,1000000
120.0004,5.37393333333333E-14,-5.68136666666667E-08,4.27666666666667E-09,1.09883073440333E-11,4.83654E-14,-5.11323E-08,3.849E-09,1000000
120.5,5.34042222222222E-14,-5.2399E-08,3.92888888888889E-09,1.10150718042111E-11,4.80638E-14,-4.71591E-08,3.536E-09,1000000
121.0006,5.33398888888889E-14,-5.59924444444444E-08,1.47666666666667E-09,1.10417898552222E-11,4.80059E-14,-5.03932E-08,1.329E-09,1000000
121.5016,5.30897777777778E-14,-5.44428888888889E-08,1.09111111111111E-09,1.10684504867222E-11,4.77808E-14,-4.89986E-08,9.82E-10,1000000
121.9998,5.26453333333333E-14,-5.3774E-08,3.23E-09,1.10947891029E-11,4.73808E-14,-4.83966E-08,2.907E-09,1000000
122.4996,5.31122222222222E-14,-5.17874444444444E-08,-8.15444444444444E-09,1.11212179160333E-11,4.7801E-14,-4.66087E-08,-7.339E-09,1000000
122.9998,5.26502222222222E-14,-5.16748888888889E-08,-1.50222222222222E-09,1.11476691033889E-11,4.73852E-14,-4.65074E-08,-1.352E-09,1000000
123.5002,5.2677E-14,-5.22465555555556E-08,2.66777777777778E-09,1.11740219743889E-11,4.74093E-14,-4.70219E-08,2.401E-09,1000000
124.0004,5.24113333333333E-14,-5.26041111111111E-08,-4.92555555555556E-09,1.12003045665556E-11,4.71702E-14,-4.73437E-08,-4.433E-09,1000000
124.5006,5.204E-14,-5.24605555555556E-08,-5.62222222222222E-09,1.12264278450222E-11,4.6836E-14,-4.72145E-08,-5.06E-09,1000000
124.999,5.189E-14,-5.2966E-08,1.04933333333333E-08,1.12523272010222E-11,4.6701E-14,-4.76694E-08,9.444E-09,1000000
125.5,5.183E-14,-5.11472222222222E-08,-1.02188888888889E-08,1.12783090610222E-11,4.6647E-14,-4.60325E-08,-9.197E-09,1000000
125.9996,5.15433333333333E-14,-5.39946666666667E-08,-1.49933333333333E-08,1.13041317196889E-11,4.6389E-14,-4.85952E-08,-1.3494E-08,1000000
126.5006,5.17242222222222E-14,-5.36546666666667E-08,1.65288888888889E-08,1.13300002423556E-11,4.65518E-14,-4.82892E-08,1.4876E-08,1000000
127.0004,5.14263333333333E-14,-5.28711111111111E-08,-6.12E-09,1.13557775661889E-11,4.62837E-14,-4.7584E-08,-5.508E-09,1000000
127.4996,5.10592222222222E-14,-5.25973333333333E-08,9.6E-10,1.13813579608556E-11,4.59533E-14,-4.73376E-08,8.64E-10,1000000
128.0004,5.11104444444444E-14,-5.0081E-08,-7.00333333333333E-09,1.14069412453889E-11,4.59994E-14,-4.50729E-08,-6.303E-09,1000000
128.5004,5.03931111111111E-14,-5.40342222222222E-08,-1.27766666666667E-08,1.14323171342778E-11,4.53538E-14,-4.86308E-08,-1.1499E-08,1000000
129.0004,5.02743333333333E-14,-5.54623333333333E-08,3.85222222222222E-09,1.14574839953889E-11,4.52469E-14,-4.99161E-08,3.467E-09,1000000
129.4982,5.02377777777778E-14,-5.47493333333333E-08,-8.80333333333333E-09,1.14825014598444E-11,4.5214E-14,-4.92744E-08,-7.923E-09,1000000
130.0004,5.02831111111111E-14,-5.43852222222222E-08,1.23788888888889E-08,1.15077422550444E-11,4.52548E-14,-4.89467E-08,1.1141E-08,1000000
130.5012,5.00438888888889E-14,-5.51003333333333E-08,1.55911111111111E-08,1.15328641358444E-11,4.50395E-14,-4.95903E-08,1.4032E-08,1000000
130.9998,4.96395555555556E-14,-5.36235555555556E-08,1.06777777777778E-08,1.15577152185444E-11,4.46756E-14,-4.82612E-08,9.61E-09,1000000
131.5,4.9238E-14,-5.24492222222222E-08,8.4E-09,1.15824444951889E-11,4.43142E-14,-4.72043E-08,7.56E-09,1000000
132.0012,4.92277777777778E-14,-5.27913333333333E-08,-5.77777777777778E-11,1.16071200191E-11,4.4305E-14,-4.75122E-08,-5.2E-11,1000000
132.4994,4.94448888888889E-14,-5.19813333333333E-08,-1.45511111111111E-08,1.16316993803667E-11,4.45004E-14,-4.67832E-08,-1.3096E-08,1000000
133,4.91406666666667E-14,-5.31622222222222E-08,1.80977777777778E-08,1.16563753449222E-11,4.42266E-14,-4.7846E-08,1.6288E-08,1000000
133.5012,4.87672222222222E-14,-5.18046666666667E-08,-8.76E-09,1.16809110618778E-11,4.38905E-14,-4.66242E-08,-7.884E-09,1000000
134.0002,4.84532222222222E-14,-5.18067777777778E-08,-2.64444444444444E-09,1.17051675627667E-11,4.36079E-14,-4.66261E-08,-2.38E-09,1000000
134.5,4.83924444444444E-14,-5.13697777777778E-08,-1.07455555555556E-08,1.17293692948667E-11,4.35532E-14,-4.62328E-08,-9.671E-09,1000000
134.9998,4.81201111111111E-14,-5.13101111111111E-08,7.99333333333333E-09,1.17534877825E-11,4.33081E-14,-4.61791E-08,7.194E-09,1000000
135.5004,4.80048888888889E-14,-5.07648888888889E-08,1.42566666666667E-08,1.177754787E-11,4.32044E-14,-4.56884E-08,1.2831E-08,1000000
136.0018,4.81293333333333E-14,-5.20716666666667E-08,-4.15111111111111E-09,1.18016487195111E-11,4.33164E-14,-4.68645E-08,-3.736E-09,1000000
136.4994,4.80752222222222E-14,-5.1597E-08,9.1E-09,1.18255844129333E-11,4.32677E-14,-4.64373E-08,8.19E-09,1000000
137.0002,4.80463333333333E-14,-4.80521111111111E-08,-1.06566666666667E-08,1.18496532504444E-11,4.32417E-14,-4.32469E-08,-9.591E-09,1000000
137.4988,4.75373333333333E-14,-4.99083333333333E-08,-4.14666666666667E-09,1.18734822585444E-11,4.27836E-14,-4.49175E-08,-3.732E-09,1000000
138.0008,4.73328888888889E-14,-5.0224E-08,1.70511111111111E-08,1.18972946843222E-11,4.25996E-14,-4.52016E-08,1.5346E-08,1000000
138.5006,4.74013333333333E-14,-4.78555555555556E-08,-1.28211111111111E-08,1.19209687664556E-11,4.26612E-14,-4.307E-08,-1.1539E-08,1000000
138.9998,4.7127E-14,-5.13938888888889E-08,1.68111111111111E-09,1.19445630384556E-11,4.24143E-14,-4.62545E-08,1.513E-09,1000000
139.5004,4.69084444444444E-14,-4.75728888888889E-08,-1.39255555555556E-08,1.19681001102E-11,4.22176E-14,-4.28156E-08,-1.2533E-08,1000000
140.0012,4.6691E-14,-4.87582222222222E-08,-1.14177777777778E-08,1.19915374110889E-11,4.20219E-14,-4.38824E-08,-1.0276E-08,1000000
140.498,4.66541111111111E-14,-4.78907777777778E-08,3.27777777777778E-09,1.20147243366889E-11,4.19887E-14,-4.31017E-08,2.95E-09,1000000
141.0006,4.67504444444444E-14,-4.88774444444444E-08,-7.26111111111111E-09,1.20381969015E-11,4.20754E-14,-4.39897E-08,-6.535E-09,1000000
141.4998,4.61387777777778E-14,-4.9363E-08,-1.31511111111111E-08,1.20613820513667E-11,4.15249E-14,-4.44267E-08,-1.1836E-08,1000000
141.9988,4.62571111111111E-14,-4.94601111111111E-08,9.98777777777778E-09,1.20844348256444E-11,4.16314E-14,-4.45141E-08,8.989E-09,1000000
142.4998,4.61478888888889E-14,-4.80805555555556E-08,-4.73777777777778E-09,1.21075822781444E-11,4.15331E-14,-4.32725E-08,-4.264E-09,1000000
143,4.60217777777778E-14,-5.05593333333333E-08,2.75E-09,1.21306339117778E-11,4.14196E-14,-4.55034E-08,2.475E-09,1000000
143.5014,4.61556666666667E-14,-4.87647777777778E-08,2.70033333333333E-08,1.21537427971E-11,4.15401E-14,-4.38883E-08,2.4303E-08,1000000
143.9992,4.5491E-14,-4.91245555555556E-08,-1.89444444444444E-09,1.21765536524333E-11,4.09419E-14,-4.42121E-08,-1.705E-09,1000000
144.5006,4.5408E-14,-4.85726666666667E-08,8.15888888888889E-09,1.21993420317333E-11,4.08672E-14,-4.37154E-08,7.343E-09,1000000
145,4.56694444444444E-14,-4.85417777777778E-08,3.62777777777778E-09,1.22220840696111E-11,4.11025E-14,-4.36876E-08,3.265E-09,1000000
145.5004,4.57611111111111E-14,-4.89126666666667E-08,-8.29888888888889E-09,1.22449599946111E-11,4.1185E-14,-4.40214E-08,-7.469E-09,1000000
145.9996,4.5323E-14,-4.94092222222222E-08,9.84555555555555E-09,1.22676945887444E-11,4.07907E-14,-4.44683E-08,8.861E-09,1000000
146.5,4.52808888888889E-14,-4.946E-08,-8.41E-09,1.22903636817444E-11,4.07528E-14,-4.4514E-08,-7.569E-09,1000000
147.0012,4.48551111111111E-14,-4.8076E-08,-1.51611111111111E-08,1.23129517633444E-11,4.03696E-14,-4.32684E-08,-1.3645E-08,1000000
147.4986,4.46955555555556E-14,-4.75042222222222E-08,1.10866666666667E-08,1.23352230141444E-11,4.0226E-14,-4.27538E-08,9.978E-09,1000000
148.0006,4.45491111111111E-14,-4.70516666666667E-08,-1.08944444444444E-08,1.23576234254778E-11,4.00942E-14,-4.23465E-08,-9.805E-09,1000000
148.5004,4.46E-14,-4.55065555555556E-08,-2.11111111111111E-08,1.23799017883444E-11,4.014E-14,-4.09559E-08,-1.9E-08,1000000
149.0006,4.41181111111111E-14,-4.24692222222222E-08,2.38533333333333E-08,1.24020901879333E-11,3.97063E-14,-3.82223E-08,2.1468E-08,1000000
149.5008,4.38844444444444E-14,-4.40452222222222E-08,-9.67888888888889E-09,1.24240996270778E-11,3.9496E-14,-3.96407E-08,-8.711E-09,1000000
149.9994,4.394E-14,-4.32992222222222E-08,-1.91111111111111E-10,1.24459942610778E-11,3.9546E-14,-3.89693E-08,-1.72E-10,1000000
150.499,4.3693E-14,-4.59258888888889E-08,-1.11722222222222E-08,1.24678849844778E-11,3.93237E-14,-4.13333E-08,-1.0055E-08,1000000
151.0006,4.38082222222222E-14,-4.37053333333333E-08,1.42888888888889E-08,1.24898302910111E-11,3.94274E-14,-3.93348E-08,1.286E-08,1000000
151.501,4.34804444444444E-14,-4.25507777777778E-08,1.53377777777778E-08,1.25116699154111E-11,3.91324E-14,-3.82957E-08,1.3804E-08,1000000
152.0002,4.33571111111111E-14,-4.45947777777778E-08,-7.03555555555556E-09,1.25333445692778E-11,3.90214E-14,-4.01353E-08,-6.332E-09,1000000
152.4984,4.3036E-14,-4.22925555555556E-08,1.09411111111111E-08,1.25548650932556E-11,3.87324E-14,-3.80633E-08,9.847E-09,1000000
153.0004,4.30251111111111E-14,-4.29745555555556E-08,-1.39688888888889E-08,1.25764664321444E-11,3.87226E-14,-3.86771E-08,-1.2572E-08,1000000
153.4994,4.3132E-14,-4.14294444444444E-08,-4.91444444444444E-09,1.25979626313667E-11,3.88188E-14,-3.72865E-08,-4.423E-09,1000000
154.002,4.24057777777778E-14,-4.3363E-08,-1.473E-08,1.26194582749222E-11,3.81652E-14,-3.90267E-08,-1.3257E-08,1000000
154.4996,4.2644E-14,-4.25727777777778E-08,-1.55455555555556E-08,1.26406186596333E-11,3.83796E-14,-3.83155E-08,-1.3991E-08,1000000
154.9974,4.24504444444444E-14,-4.36323333333333E-08,6.09222222222222E-09,1.26617986668556E-11,3.82054E-14,-3.92691E-08,5.483E-09,1000000
155.499,4.26158888888889E-14,-4.42482222222222E-08,-6.22111111111111E-09,1.26831333032556E-11,3.83543E-14,-3.98234E-08,-5.599E-09,1000000
156.0004,4.23653333333333E-14,-4.4747E-08,1.22622222222222E-08,1.27044380956667E-11,3.81288E-14,-4.02723E-08,1.1036E-08,1000000
156.5014,4.22192222222222E-14,-4.27206666666667E-08,2.31488888888889E-08,1.27256265268333E-11,3.79973E-14,-3.84486E-08,2.0834E-08,1000000
157.0004,4.2103E-14,-4.4928E-08,8.04888888888889E-09,1.27466649212778E-11,3.78927E-14,-4.04352E-08,7.244E-09,1000000
157.5012,4.1973E-14,-4.46564444444444E-08,7.22888888888889E-09,1.27677175516778E-11,3.77757E-14,-4.01908E-08,6.506E-09,1000000
158.0006,4.19536666666667E-14,-4.17228888888889E-08,1.81077777777778E-08,1.27886740403444E-11,3.77583E-14,-3.75506E-08,1.6297E-08,1000000
158.5,4.1869E-14,-4.16434444444444E-08,1.26244444444444E-08,1.28096045602111E-11,3.76821E-14,-3.74791E-08,1.1362E-08,1000000
159.0002,4.16083333333333E-14,-4.1352E-08,4.68888888888889E-10,1.28304822412778E-11,3.74475E-14,-3.72168E-08,4.22E-10,1000000
159.5022,4.1563E-14,-4.23717777777778E-08,-4.40222222222222E-09,1.28513582459444E-11,3.74067E-14,-3.81346E-08,-3.962E-09,1000000
160.0018,4.12808888888889E-14,-4.0032E-08,-4.21333333333333E-09,1.28720526493889E-11,3.71528E-14,-3.60288E-08,-3.792E-09,1000000
160.4998,4.12162222222222E-14,-4.05132222222222E-08,1.56988888888889E-08,1.28925944300556E-11,3.70946E-14,-3.64619E-08,1.4129E-08,1000000
161.0014,4.12735555555556E-14,-4.10495555555556E-08,-1.58988888888889E-08,1.29132828663222E-11,3.71462E-14,-3.69446E-08,-1.4309E-08,1000000
161.5002,4.06464444444444E-14,-3.97868888888889E-08,-2.28333333333333E-09,1.29337137143222E-11,3.65818E-14,-3.58082E-08,-2.055E-09,1000000
162.0012,4.06688888888889E-14,-4.01246666666667E-08,-1.63888888888889E-09,1.29540832053222E-11,3.6602E-14,-3.61122E-08,-1.475E-09,1000000
162.5018,4.07592222222222E-14,-4.00672222222222E-08,-1.38811111111111E-08,1.29744646615333E-11,3.66833E-14,-3.60605E-08,-1.2493E-08,1000000
162.9998,4.07413333333333E-14,-4.02063333333333E-08,-5.07111111111111E-09,1.29947582998667E-11,3.66672E-14,-3.61857E-08,-4.564E-09,1000000
163.5006,4.05284444444444E-14,-4.1012E-08,-1.291E-08,1.30151082522222E-11,3.64756E-14,-3.69108E-08,-1.1619E-08,1000000
163.9996,4.0391E-14,-4.11178888888889E-08,-2.24511111111111E-08,1.30352976536111E-11,3.63519E-14,-3.70061E-08,-2.0206E-08,1000000
164.4992,4.04103333333333E-14,-4.0246E-08,1.67966666666667E-08,1.30554818266778E-11,3.63693E-14,-3.62214E-08,1.5117E-08,1000000
165.0006,4.0235E-14,-4.03475555555556E-08,-6.80444444444444E-09,1.30756996117444E-11,3.62115E-14,-3.63128E-08,-6.124E-09,1000000
165.499,3.99557777777778E-14,-3.85331111111111E-08,1.08333333333333E-09,1.30956831535667E-11,3.59602E-14,-3.46798E-08,9.75E-10,1000000
166.0002,4.01707777777778E-14,-3.9948E-08,2.51955555555556E-08,1.31157628683889E-11,3.61537E-14,-3.59532E-08,2.2676E-08,1000000
166.4998,3.99026666666667E-14,-3.965E-08,-2.20888888888889E-09,1.31357652148111E-11,3.59124E-14,-3.5685E-08,-1.988E-09,1000000
167.0022,3.97396666666667E-14,-4.10317777777778E-08,1.07811111111111E-08,1.31557713689444E-11,3.57657E-14,-3.69286E-08,9.703E-09,1000000
167.5012,3.95661111111111E-14,-3.91996666666667E-08,-3.46888888888889E-09,1.31755581605E-11,3.56095E-14,-3.52797E-08,-3.122E-09,1000000
167.9994,3.95717777777778E-14,-3.80826666666667E-08,-1.493E-08,1.31952714086222E-11,3.56146E-14,-3.42744E-08,-1.3437E-08,1000000
168.5,3.9406E-14,-3.82857777777778E-08,2.10877777777778E-08,1.32150395464E-11,3.54654E-14,-3.44572E-08,1.8979E-08,1000000
169.0004,3.89524444444444E-14,-3.94953333333333E-08,-2.16166666666667E-08,1.32346448292E-11,3.50572E-14,-3.55458E-08,-1.9455E-08,1000000
169.5018,3.90954444444444E-14,-3.8054E-08,-2.25222222222222E-09,1.32542114349444E-11,3.51859E-14,-3.42486E-08,-2.027E-09,1000000
170.0002,3.89542222222222E-14,-3.81797777777778E-08,-1.97244444444444E-08,1.32736614118778E-11,3.50588E-14,-3.43618E-08,-1.7752E-08,1000000
170.4998,3.8547E-14,-3.85792222222222E-08,-1.49255555555556E-08,1.32930212171889E-11,3.46923E-14,-3.47213E-08,-1.3433E-08,1000000
171.0008,3.85076666666667E-14,-3.73276666666667E-08,1.23266666666667E-08,1.33123234111889E-11,3.46569E-14,-3.35949E-08,1.1094E-08,1000000
171.4998,3.8637E-14,-3.87536666666667E-08,-1.14255555555556E-08,1.33315710055222E-11,3.47733E-14,-3.48783E-08,-1.0283E-08,1000000
171.9984,3.78858888888889E-14,-3.95791111111111E-08,1.18244444444444E-08,1.33506481617222E-11,3.40973E-14,-3.56212E-08,1.0642E-08,1000000
172.5022,3.8059E-14,-3.78574444444444E-08,3.79755555555556E-08,1.33697786792333E-11,3.42531E-14,-3.40717E-08,3.4178E-08,1000000
173,3.77383333333333E-14,-3.80118888888889E-08,2.00777777777778E-09,1.33886446355E-11,3.39645E-14,-3.42107E-08,1.807E-09,1000000
173.5016,3.76923333333333E-14,-3.79345555555556E-08,8.94333333333333E-09,1.34075626467E-11,3.39231E-14,-3.41411E-08,8.049E-09,1000000
174.002,3.65263333333333E-14,-3.61664444444444E-08,1.31911111111111E-08,1.34261321571E-11,3.28737E-14,-3.25498E-08,1.1872E-08,1000000
174.5016,3.67257777777778E-14,-3.84311111111111E-08,1.79333333333333E-09,1.34444305344556E-11,3.30532E-14,-3.4588E-08,1.614E-09,1000000
175.0004,3.65445555555556E-14,-3.83516666666667E-08,5.8E-10,1.34627041555889E-11,3.28901E-14,-3.45165E-08,5.22E-10,1000000
175.5014,3.66675555555556E-14,-3.85746666666667E-08,-4.91444444444444E-09,1.34810437894222E-11,3.30008E-14,-3.47172E-08,-4.423E-09,1000000
176.0004,3.61587777777778E-14,-3.842E-08,-1.49E-08,1.34992139595889E-11,3.25429E-14,-3.4578E-08,-1.341E-08,1000000
176.4992,3.60246666666667E-14,-3.66364444444444E-08,1.24944444444444E-08,1.35172165106333E-11,3.24222E-14,-3.29728E-08,1.1245E-08,1000000
177.002,3.61197777777778E-14,-3.63716666666667E-08,-5.56888888888889E-09,1.35353536239667E-11,3.25078E-14,-3.27345E-08,-5.012E-09,1000000
177.5006,3.57056666666667E-14,-3.60846666666667E-08,-1.50533333333333E-08,1.35532597072667E-11,3.21351E-14,-3.24762E-08,-1.3548E-08,1000000
177.9998,3.57765555555556E-14,-3.66762222222222E-08,2.76166666666667E-08,1.35711016699333E-11,3.21989E-14,-3.30086E-08,2.4855E-08,1000000
178.5002,3.5439E-14,-3.5727E-08,-1.14722222222222E-08,1.35889198019333E-11,3.18951E-14,-3.21543E-08,-1.0325E-08,1000000
178.9992,3.55735555555556E-14,-3.63693333333333E-08,-1.34288888888889E-08,1.36066374345444E-11,3.20162E-14,-3.27324E-08,-1.2086E-08,1000000
179.5008,3.48947777777778E-14,-3.70027777777778E-08,3.16411111111111E-08,1.36243108925444E-11,3.14053E-14,-3.33025E-08,2.8477E-08,1000000
180.001,3.51544444444444E-14,-3.69674444444444E-08,-9.49777777777778E-09,1.36418302030222E-11,3.1639E-14,-3.32707E-08,-8.548E-09,1000000
180.499,3.51983333333333E-14,-3.75922222222222E-08,5.48888888888889E-10,1.36593480446889E-11,3.16785E-14,-3.3833E-08,4.94E-10,1000000
181.0004,3.51154444444444E-14,-3.54178888888889E-08,2.73466666666667E-08,1.36769757087778E-11,3.16039E-14,-3.18761E-08,2.4612E-08,1000000
181.5,3.49264444444444E-14,-3.57181111111111E-08,-1.36333333333333E-08,1.36944721726222E-11,3.14338E-14,-3.21463E-08,-1.227E-08,1000000
181.9996,3.48115555555556E-14,-3.71175555555556E-08,-1.31555555555556E-08,1.37118927250222E-11,3.13304E-14,-3.34058E-08,-1.184E-08,1000000
182.4998,3.47072222222222E-14,-3.49742222222222E-08,2.45044444444444E-08,1.37292793713444E-11,3.12365E-14,-3.14768E-08,2.2054E-08,1000000
183.0008,3.44897777777778E-14,-3.75921111111111E-08,-1.18855555555556E-08,1.37466132198444E-11,3.10408E-14,-3.38329E-08,-1.0697E-08,1000000
183.498,3.48175555555556E-14,-3.60955555555556E-08,-1.48433333333333E-08,1.37638430229111E-11,3.13358E-14,-3.2486E-08,-1.3359E-08,1000000
184.001,3.46541111111111E-14,-3.76207777777778E-08,1.93533333333333E-08,1.37813151470778E-11,3.11887E-14,-3.38587E-08,1.7418E-08,1000000
184.4998,3.43713333333333E-14,-3.69386666666667E-08,-1.82533333333333E-08,1.37985300929222E-11,3.09342E-14,-3.32448E-08,-1.6428E-08,1000000
185.0006,3.45842222222222E-14,-3.52942222222222E-08,-7.73555555555556E-09,1.38157965640333E-11,3.11258E-14,-3.17648E-08,-6.962E-09,1000000
185.4994,3.44163333333333E-14,-3.527E-08,2.87633333333333E-08,1.38330053025889E-11,3.09747E-14,-3.1743E-08,2.5887E-08,1000000
185.9996,3.4326E-14,-3.39057777777778E-08,-1.59733333333333E-08,1.38501977601556E-11,3.08934E-14,-3.05152E-08,-1.4376E-08,1000000
186.5006,3.40193333333333E-14,-3.54928888888889E-08,-2.87333333333333E-09,1.38673182661556E-11,3.06174E-14,-3.19436E-08,-2.586E-09,1000000
187.0016,3.41423333333333E-14,-3.57114444444444E-08,-1.4E-10,1.38843927636556E-11,3.07281E-14,-3.21403E-08,-1.26E-10,1000000
187.5024,3.40077777777778E-14,-3.56164444444444E-08,-1.95022222222222E-08,1.39014575514778E-11,3.0607E-14,-3.20548E-08,-1.7552E-08,1000000
188.0004,3.42726666666667E-14,-3.48107777777778E-08,1.39288888888889E-08,1.39184593821444E-11,3.08454E-14,-3.13297E-08,1.2536E-08,1000000
188.4998,3.39177777777778E-14,-3.51971111111111E-08,-1.013E-08,1.39354865361222E-11,3.0526E-14,-3.16774E-08,-9.117E-09,1000000
189.0008,3.38816666666667E-14,-3.54862222222222E-08,2.66611111111111E-08,1.39524702969556E-11,3.04935E-14,-3.19376E-08,2.3995E-08,1000000
189.4998,3.38826666666667E-14,-3.51794444444444E-08,1.91444444444444E-09,1.39693774981222E-11,3.04944E-14,-3.16615E-08,1.723E-09,1000000
190.001,3.3712E-14,-3.25041111111111E-08,-1.21488888888889E-08,1.39863167215889E-11,3.03408E-14,-2.92537E-08,-1.0934E-08,1000000
190.4984,3.3987E-14,-3.5643E-08,1.85444444444444E-08,1.40031534628889E-11,3.05883E-14,-3.20787E-08,1.669E-08,1000000
191,3.34783333333333E-14,-3.29388888888889E-08,-8.24222222222222E-09,1.40200737684889E-11,3.01305E-14,-2.9645E-08,-7.418E-09,1000000
191.5004,3.34354444444444E-14,-3.30536666666667E-08,-1.03222222222222E-09,1.40368155956889E-11,3.00919E-14,-2.97483E-08,-9.29E-10,1000000
192.0018,3.31341111111111E-14,-3.19057777777778E-08,-1.08066666666667E-08,1.40535045832667E-11,2.98207E-14,-2.87152E-08,-9.726E-09,1000000
192.5014,3.30434444444444E-14,-3.26541111111111E-08,-5.76333333333333E-09,1.40700357366444E-11,2.97391E-14,-2.93887E-08,-5.187E-09,1000000
192.9992,3.30556666666667E-14,-3.08971111111111E-08,-1.96222222222222E-09,1.40864878054E-11,2.97501E-14,-2.78074E-08,-1.766E-09,1000000
193.4998,3.30244444444444E-14,-3.12325555555556E-08,-1.81322222222222E-08,1.41030276572111E-11,2.9722E-14,-2.81093E-08,-1.6319E-08,1000000
193.999,3.29597777777778E-14,-3.17976666666667E-08,6.47222222222222E-09,1.41194973190778E-11,2.96638E-14,-2.86179E-08,5.825E-09,1000000
194.5008,3.27761111111111E-14,-3.22744444444444E-08,3.26644444444444E-08,1.41359904536E-11,2.94985E-14,-2.9047E-08,2.9398E-08,1000000
195.0012,3.28463333333333E-14,-3.15768888888889E-08,3.02111111111111E-09,1.41524091892E-11,2.95617E-14,-2.84192E-08,2.719E-09,1000000
195.4988,3.2508E-14,-3.40513333333333E-08,3.1E-10,1.41686693473333E-11,2.92572E-14,-3.06462E-08,2.79E-10,1000000
196.0004,3.24985555555556E-14,-3.22324444444444E-08,9.75555555555555E-10,1.41849729914667E-11,2.92487E-14,-2.90092E-08,8.78E-10,1000000
196.501,3.24148888888889E-14,-3.09632222222222E-08,-1.12833333333333E-08,1.42012208266111E-11,2.91734E-14,-2.78669E-08,-1.0155E-08,1000000
196.9996,3.25481111111111E-14,-3.18792222222222E-08,1.90377777777778E-08,1.42174161025111E-11,2.92933E-14,-2.86913E-08,1.7134E-08,1000000
197.5012,3.25396666666667E-14,-3.17777777777778E-08,-1.57377777777778E-08,1.42337401171778E-11,2.92857E-14,-2.86E-08,-1.4164E-08,1000000
198.0008,3.22744444444444E-14,-3.16783333333333E-08,-2.13877777777778E-08,1.42499306821333E-11,2.9047E-14,-2.85105E-08,-1.9249E-08,1000000
198.4984,3.20762222222222E-14,-3.07556666666667E-08,1.66488888888889E-08,1.4265941128E-11,2.88686E-14,-2.76801E-08,1.4984E-08,1000000
199.0004,3.22357777777778E-14,-3.06938888888889E-08,-1.01933333333333E-08,1.428208344E-11,2.90122E-14,-2.76245E-08,-9.174E-09,1000000
199.5004,3.20154444444444E-14,-3.17798888888889E-08,-2.13622222222222E-08,1.42981462455556E-11,2.88139E-14,-2.86019E-08,-1.9226E-08,1000000
200.0008,3.21202222222222E-14,-3.26297777777778E-08,2.289E-08,1.43141929893556E-11,2.89082E-14,-2.93668E-08,2.0601E-08,1000000
