# of variables,1,Sweep points,601,Parametric points,1,
Vd,Vs,Id,Is,time_s,Id_dens,Ron
1.000000E+1,0.000000E+0,2.997794E-2,-2.997842E-2,1.434273E+0,4.996324E-1,1.000736E-1
9.950000E+0,0.000000E+0,2.989908E-2,-2.989954E-2,1.500095E+0,4.983181E-1,3.804357E+1
9.900000E+0,0.000000E+0,2.981905E-2,-2.981948E-2,1.567909E+0,4.969841E-1,3.748226E+1
9.850000E+0,0.000000E+0,2.973673E-2,-2.973725E-2,1.633702E+0,4.956122E-1,3.644580E+1
9.800000E+0,0.000000E+0,2.965825E-2,-2.965870E-2,1.700547E+0,4.943041E-1,3.822324E+1
9.750000E+0,0.000000E+0,2.957678E-2,-2.957715E-2,1.768340E+0,4.929463E-1,3.682411E+1
9.700000E+0,0.000000E+0,2.949210E-2,-2.949246E-2,1.835161E+0,4.915351E-1,3.543001E+1
9.650000E+0,0.000000E+0,2.941160E-2,-2.941193E-2,1.901982E+0,4.901934E-1,3.726631E+1
9.600000E+0,0.000000E+0,2.932838E-2,-2.932872E-2,1.968801E+0,4.888064E-1,3.604854E+1
9.550000E+0,0.000000E+0,2.924597E-2,-2.924631E-2,2.036730E+0,4.874329E-1,3.640379E+1
9.500000E+0,0.000000E+0,2.916121E-2,-2.916161E-2,2.103578E+0,4.860202E-1,3.539497E+1
9.450000E+0,0.000000E+0,2.907604E-2,-2.907636E-2,2.169371E+0,4.846007E-1,3.522159E+1
9.400000E+0,0.000000E+0,2.899133E-2,-2.899171E-2,2.236192E+0,4.831888E-1,3.541521E+1
9.350000E+0,0.000000E+0,2.890345E-2,-2.890387E-2,2.303012E+0,4.817241E-1,3.413689E+1
9.300000E+0,0.000000E+0,2.881812E-2,-2.881851E-2,2.369764E+0,4.803020E-1,3.515777E+1
9.250000E+0,0.000000E+0,2.873169E-2,-2.873209E-2,2.435667E+0,4.788615E-1,3.471148E+1
9.200000E+0,0.000000E+0,2.864860E-2,-2.864889E-2,2.502487E+0,4.774767E-1,3.610592E+1
9.150000E+0,0.000000E+0,2.855804E-2,-2.855845E-2,2.569308E+0,4.759673E-1,3.312587E+1
9.100000E+0,0.000000E+0,2.846849E-2,-2.846884E-2,2.636128E+0,4.744748E-1,3.350069E+1
9.050000E+0,0.000000E+0,2.837269E-2,-2.837311E-2,2.701951E+0,4.728782E-1,3.131660E+1
9.000000E+0,0.000000E+0,2.828068E-2,-2.828101E-2,2.769768E+0,4.713446E-1,3.260218E+1
8.950000E+0,0.000000E+0,2.818443E-2,-2.818481E-2,2.835591E+0,4.697404E-1,3.116933E+1
8.900000E+0,0.000000E+0,2.809336E-2,-2.809379E-2,2.902411E+0,4.682227E-1,3.294360E+1
8.850000E+0,0.000000E+0,2.799585E-2,-2.799633E-2,2.969232E+0,4.665975E-1,3.076507E+1
8.800000E+0,0.000000E+0,2.790008E-2,-2.790041E-2,3.036052E+0,4.650013E-1,3.132391E+1
8.750000E+0,0.000000E+0,2.780092E-2,-2.780117E-2,3.101874E+0,4.633486E-1,3.025477E+1
8.700000E+0,0.000000E+0,2.769827E-2,-2.769860E-2,3.168695E+0,4.616378E-1,2.922542E+1
8.650000E+0,0.000000E+0,2.759688E-2,-2.759720E-2,3.235515E+0,4.599480E-1,2.958945E+1
8.600000E+0,0.000000E+0,2.749506E-2,-2.749530E-2,3.302335E+0,4.582510E-1,2.946440E+1
8.550000E+0,0.000000E+0,2.739319E-2,-2.739354E-2,3.369252E+0,4.565531E-1,2.944770E+1
8.500000E+0,0.000000E+0,2.728496E-2,-2.728529E-2,3.435358E+0,4.547493E-1,2.771853E+1
8.450000E+0,0.000000E+0,2.717840E-2,-2.717867E-2,3.502089E+0,4.529733E-1,2.815314E+1
8.400000E+0,0.000000E+0,2.707250E-2,-2.707276E-2,3.568306E+0,4.512084E-1,2.833042E+1
8.350000E+0,0.000000E+0,2.696341E-2,-2.696370E-2,3.635154E+0,4.493902E-1,2.750035E+1
8.300000E+0,0.000000E+0,2.685448E-2,-2.685473E-2,3.701947E+0,4.475747E-1,2.753984E+1
8.250000E+0,0.000000E+0,2.674353E-2,-2.674379E-2,3.768767E+0,4.457255E-1,2.703958E+1
8.200000E+0,0.000000E+0,2.663173E-2,-2.663206E-2,3.834624E+0,4.438621E-1,2.683237E+1
8.150000E+0,0.000000E+0,2.651622E-2,-2.651646E-2,3.901438E+0,4.419371E-1,2.597344E+1
8.100000E+0,0.000000E+0,2.639710E-2,-2.639740E-2,3.968258E+0,4.399516E-1,2.518353E+1
8.050000E+0,0.000000E+0,2.628993E-2,-2.629018E-2,4.035070E+0,4.381655E-1,2.799313E+1
8.000000E+0,0.000000E+0,2.616655E-2,-2.616677E-2,4.101104E+0,4.361091E-1,2.431481E+1
7.950000E+0,0.000000E+0,2.604333E-2,-2.604353E-2,4.167925E+0,4.340555E-1,2.434752E+1
7.900000E+0,0.000000E+0,2.592341E-2,-2.592365E-2,4.234821E+0,4.320568E-1,2.501573E+1
7.850000E+0,0.000000E+0,2.579981E-2,-2.580007E-2,4.301389E+0,4.299968E-1,2.427267E+1
7.800000E+0,0.000000E+0,2.567393E-2,-2.567416E-2,4.367587E+0,4.278988E-1,2.383127E+1
7.750000E+0,0.000000E+0,2.554687E-2,-2.554711E-2,4.434407E+0,4.257812E-1,2.361221E+1
7.700000E+0,0.000000E+0,2.541973E-2,-2.541994E-2,4.500262E+0,4.236621E-1,2.359457E+1
7.650000E+0,0.000000E+0,2.529367E-2,-2.529394E-2,4.566972E+0,4.215612E-1,2.379958E+1
7.600000E+0,0.000000E+0,2.516292E-2,-2.516319E-2,4.633821E+0,4.193821E-1,2.294484E+1
7.550000E+0,0.000000E+0,2.502949E-2,-2.502977E-2,4.700613E+0,4.171582E-1,2.248360E+1
7.500000E+0,0.000000E+0,2.489437E-2,-2.489455E-2,4.767452E+0,4.149062E-1,2.220187E+1
7.450000E+0,0.000000E+0,2.475816E-2,-2.475830E-2,4.834273E+0,4.126360E-1,2.202487E+1
7.400000E+0,0.000000E+0,2.462069E-2,-2.462089E-2,4.900940E+0,4.103448E-1,2.182254E+1
7.350000E+0,0.000000E+0,2.448471E-2,-2.448487E-2,4.966763E+0,4.080785E-1,2.206198E+1
7.300000E+0,0.000000E+0,2.434500E-2,-2.434514E-2,5.033582E+0,4.057501E-1,2.147426E+1
7.250000E+0,0.000000E+0,2.420257E-2,-2.420272E-2,5.100402E+0,4.033762E-1,2.106285E+1
7.200000E+0,0.000000E+0,2.405675E-2,-2.405695E-2,5.166464E+0,4.009458E-1,2.057213E+1
7.150000E+0,0.000000E+0,2.391129E-2,-2.391142E-2,5.233362E+0,3.985214E-1,2.062429E+1
7.100000E+0,0.000000E+0,2.376155E-2,-2.376171E-2,5.299546E+0,3.960258E-1,2.003474E+1
7.050000E+0,0.000000E+0,2.361076E-2,-2.361098E-2,5.366564E+0,3.935127E-1,1.989565E+1
7.000000E+0,0.000000E+0,2.345856E-2,-2.345878E-2,5.433627E+0,3.909761E-1,1.971157E+1
6.950000E+0,0.000000E+0,2.330500E-2,-2.330520E-2,5.499537E+0,3.884166E-1,1.953560E+1
6.900000E+0,0.000000E+0,2.315371E-2,-2.315387E-2,5.566561E+0,3.858952E-1,1.982976E+1
6.850000E+0,0.000000E+0,2.299960E-2,-2.299980E-2,5.635086E+0,3.833266E-1,1.946619E+1
6.800000E+0,0.000000E+0,2.283870E-2,-2.283888E-2,5.700943E+0,3.806450E-1,1.864545E+1
6.750000E+0,0.000000E+0,2.267866E-2,-2.267881E-2,5.768040E+0,3.779777E-1,1.874549E+1
6.700000E+0,0.000000E+0,2.251376E-2,-2.251390E-2,5.833829E+0,3.752293E-1,1.819264E+1
6.650000E+0,0.000000E+0,2.234958E-2,-2.234974E-2,5.900503E+0,3.724931E-1,1.827314E+1
6.600000E+0,0.000000E+0,2.218661E-2,-2.218674E-2,5.967725E+0,3.697769E-1,1.840805E+1
6.550000E+0,0.000000E+0,2.201943E-2,-2.201960E-2,6.034385E+0,3.669906E-1,1.794495E+1
6.500000E+0,0.000000E+0,2.184976E-2,-2.184991E-2,6.101041E+0,3.641627E-1,1.768136E+1
6.450000E+0,0.000000E+0,2.167784E-2,-2.167803E-2,6.167642E+0,3.612973E-1,1.744957E+1
6.400000E+0,0.000000E+0,2.150797E-2,-2.150812E-2,6.235579E+0,3.584661E-1,1.766023E+1
6.350000E+0,0.000000E+0,2.134649E-2,-2.134656E-2,6.301941E+0,3.557748E-1,1.857792E+1
6.300000E+0,0.000000E+0,2.117516E-2,-2.117516E-2,6.368732E+0,3.529193E-1,1.751047E+1
6.250000E+0,0.000000E+0,2.100061E-2,-2.100068E-2,6.434586E+0,3.500102E-1,1.718739E+1
6.200000E+0,0.000000E+0,2.082278E-2,-2.082284E-2,6.501376E+0,3.470463E-1,1.686947E+1
6.150000E+0,0.000000E+0,2.064490E-2,-2.064499E-2,6.568223E+0,3.440817E-1,1.686594E+1
6.100000E+0,0.000000E+0,2.046286E-2,-2.046295E-2,6.635016E+0,3.410477E-1,1.647955E+1
6.050000E+0,0.000000E+0,2.027874E-2,-2.027884E-2,6.701865E+0,3.379790E-1,1.629383E+1
6.000000E+0,0.000000E+0,2.009032E-2,-2.009038E-2,6.768657E+0,3.348386E-1,1.592160E+1
5.950000E+0,0.000000E+0,1.990226E-2,-1.990231E-2,6.834480E+0,3.317044E-1,1.595298E+1
5.900000E+0,0.000000E+0,1.970993E-2,-1.971000E-2,6.901336E+0,3.284989E-1,1.559810E+1
5.850000E+0,0.000000E+0,1.951728E-2,-1.951742E-2,6.968120E+0,3.252880E-1,1.557186E+1
5.800000E+0,0.000000E+0,1.932468E-2,-1.932474E-2,7.035123E+0,3.220781E-1,1.557683E+1
5.750000E+0,0.000000E+0,1.912957E-2,-1.912961E-2,7.101015E+0,3.188262E-1,1.537592E+1
5.700000E+0,0.000000E+0,1.893058E-2,-1.893069E-2,7.167864E+0,3.155096E-1,1.507570E+1
5.650000E+0,0.000000E+0,1.873318E-2,-1.873319E-2,7.234845E+0,3.122197E-1,1.519761E+1
5.600000E+0,0.000000E+0,1.853244E-2,-1.853242E-2,7.300757E+0,3.088741E-1,1.494505E+1
5.550000E+0,0.000000E+0,1.832808E-2,-1.832808E-2,7.368547E+0,3.054681E-1,1.467997E+1
5.500000E+0,0.000000E+0,1.812371E-2,-1.812372E-2,7.435367E+0,3.020618E-1,1.467903E+1
5.450000E+0,0.000000E+0,1.791778E-2,-1.791777E-2,7.501221E+0,2.986296E-1,1.456777E+1
5.400000E+0,0.000000E+0,1.770933E-2,-1.770936E-2,7.568038E+0,2.951555E-1,1.439204E+1
5.350000E+0,0.000000E+0,1.750004E-2,-1.750004E-2,7.634859E+0,2.916674E-1,1.433452E+1
5.300000E+0,0.000000E+0,1.728889E-2,-1.728895E-2,7.701678E+0,2.881481E-1,1.420757E+1
5.250000E+0,0.000000E+0,1.707861E-2,-1.707866E-2,7.768471E+0,2.846436E-1,1.426710E+1
5.200000E+0,0.000000E+0,1.686510E-2,-1.686513E-2,7.834294E+0,2.810850E-1,1.405053E+1
5.150000E+0,0.000000E+0,1.665162E-2,-1.665162E-2,7.902111E+0,2.775270E-1,1.405286E+1
5.100000E+0,0.000000E+0,1.643562E-2,-1.643562E-2,7.968959E+0,2.739271E-1,1.388914E+1
5.050000E+0,0.000000E+0,1.621933E-2,-1.621929E-2,8.034754E+0,2.703222E-1,1.387012E+1
5.000000E+0,0.000000E+0,1.600041E-2,-1.600039E-2,8.101606E+0,2.666736E-1,1.370384E+1
4.950000E+0,0.000000E+0,1.578245E-2,-1.578246E-2,8.168437E+0,2.630409E-1,1.376380E+1
4.900000E+0,0.000000E+0,1.556504E-2,-1.556506E-2,8.235242E+0,2.594173E-1,1.379859E+1
4.850000E+0,0.000000E+0,1.534132E-2,-1.534138E-2,8.301038E+0,2.556886E-1,1.340965E+1
4.800000E+0,0.000000E+0,1.511922E-2,-1.511928E-2,8.367886E+0,2.519870E-1,1.350749E+1
4.750000E+0,0.000000E+0,1.489868E-2,-1.489873E-2,8.434710E+0,2.483114E-1,1.360315E+1
4.700000E+0,0.000000E+0,1.467475E-2,-1.467475E-2,8.501531E+0,2.445791E-1,1.339677E+1
4.650000E+0,0.000000E+0,1.445094E-2,-1.445099E-2,8.567372E+0,2.408491E-1,1.340463E+1
4.600000E+0,0.000000E+0,1.422815E-2,-1.422826E-2,8.634140E+0,2.371359E-1,1.346554E+1
4.550000E+0,0.000000E+0,1.400316E-2,-1.400310E-2,8.701180E+0,2.333860E-1,1.333360E+1
4.500000E+0,0.000000E+0,1.377823E-2,-1.377811E-2,8.767093E+0,2.296372E-1,1.333786E+1
4.450000E+0,0.000000E+0,1.355490E-2,-1.355487E-2,8.833882E+0,2.259149E-1,1.343252E+1
4.400000E+0,0.000000E+0,1.332983E-2,-1.332985E-2,8.900159E+0,2.221638E-1,1.332936E+1
4.350000E+0,0.000000E+0,1.310381E-2,-1.310378E-2,8.967580E+0,2.183968E-1,1.327311E+1
4.300000E+0,0.000000E+0,1.288072E-2,-1.288067E-2,9.034021E+0,2.146787E-1,1.344760E+1
4.250000E+0,0.000000E+0,1.265831E-2,-1.265824E-2,9.100750E+0,2.109718E-1,1.348865E+1
4.200000E+0,0.000000E+0,1.243563E-2,-1.243551E-2,9.166358E+0,2.072605E-1,1.347207E+1
4.150000E+0,0.000000E+0,1.221349E-2,-1.221337E-2,9.233664E+0,2.035582E-1,1.350534E+1
4.100000E+0,0.000000E+0,1.199321E-2,-1.199303E-2,9.299603E+0,1.998868E-1,1.361862E+1
4.050000E+0,0.000000E+0,1.177264E-2,-1.177253E-2,9.366660E+0,1.962107E-1,1.360165E+1
4.000000E+0,0.000000E+0,1.155398E-2,-1.155388E-2,9.433592E+0,1.925663E-1,1.371960E+1
3.950000E+0,0.000000E+0,1.133783E-2,-1.133766E-2,9.499419E+0,1.889638E-1,1.387921E+1
3.900000E+0,0.000000E+0,1.112146E-2,-1.112130E-2,9.566266E+0,1.853577E-1,1.386547E+1
3.850000E+0,0.000000E+0,1.090735E-2,-1.090726E-2,9.633084E+0,1.817892E-1,1.401136E+1
3.800000E+0,0.000000E+0,1.069634E-2,-1.069621E-2,9.699903E+0,1.782723E-1,1.421716E+1
3.750000E+0,0.000000E+0,1.048415E-2,-1.048403E-2,9.766696E+0,1.747358E-1,1.413810E+1
3.700000E+0,0.000000E+0,1.027443E-2,-1.027439E-2,9.832552E+0,1.712406E-1,1.430530E+1
3.650000E+0,0.000000E+0,1.006911E-2,-1.006895E-2,9.899371E+0,1.678185E-1,1.461092E+1
3.600000E+0,0.000000E+0,9.862795E-3,-9.863459E-3,1.002600E+1,1.643799E-1,1.454101E+1
3.550000E+0,0.000000E+0,9.660850E-3,-9.661511E-3,1.009285E+1,1.610142E-1,1.485552E+1
3.500000E+0,0.000000E+0,9.462001E-3,-9.462642E-3,1.015967E+1,1.577000E-1,1.508679E+1
3.450000E+0,0.000000E+0,9.263799E-3,-9.264465E-3,1.022549E+1,1.543966E-1,1.513606E+1
3.400000E+0,0.000000E+0,9.067643E-3,-9.068297E-3,1.029231E+1,1.511274E-1,1.529394E+1
3.350000E+0,0.000000E+0,8.875423E-3,-8.876069E-3,1.035921E+1,1.479237E-1,1.560717E+1
3.300000E+0,0.000000E+0,8.683606E-3,-8.684217E-3,1.042598E+1,1.447268E-1,1.563990E+1
3.250000E+0,0.000000E+0,8.493935E-3,-8.494562E-3,1.049190E+1,1.415656E-1,1.581684E+1
3.200000E+0,0.000000E+0,8.306977E-3,-8.307567E-3,1.055965E+1,1.384496E-1,1.604643E+1
3.150000E+0,0.000000E+0,8.119652E-3,-8.120256E-3,1.062551E+1,1.353275E-1,1.601492E+1
3.100000E+0,0.000000E+0,7.935827E-3,-7.936445E-3,1.069246E+1,1.322638E-1,1.631984E+1
3.050000E+0,0.000000E+0,7.752682E-3,-7.753279E-3,1.075939E+1,1.292114E-1,1.638046E+1
3.000000E+0,0.000000E+0,7.569927E-3,-7.570511E-3,1.082601E+1,1.261654E-1,1.641544E+1
2.950000E+0,0.000000E+0,7.387494E-3,-7.388113E-3,1.089284E+1,1.231249E-1,1.644439E+1
2.900000E+0,0.000000E+0,7.207522E-3,-7.208134E-3,1.095913E+1,1.201254E-1,1.666930E+1
2.850000E+0,0.000000E+0,7.027039E-3,-7.027654E-3,1.102539E+1,1.171173E-1,1.662208E+1
2.800000E+0,0.000000E+0,6.846158E-3,-6.846713E-3,1.109189E+1,1.141026E-1,1.658549E+1
2.750000E+0,0.000000E+0,6.666162E-3,-6.666722E-3,1.115845E+1,1.111027E-1,1.666701E+1
2.700000E+0,0.000000E+0,6.485258E-3,-6.485822E-3,1.122527E+1,1.080876E-1,1.658340E+1
2.650000E+0,0.000000E+0,6.303328E-3,-6.303896E-3,1.129209E+1,1.050555E-1,1.648985E+1
2.600000E+0,0.000000E+0,6.124127E-3,-6.124654E-3,1.135995E+1,1.020688E-1,1.674094E+1
2.550000E+0,0.000000E+0,5.944967E-3,-5.945505E-3,1.142654E+1,9.908279E-2,1.674486E+1
2.500000E+0,0.000000E+0,5.765632E-3,-5.766182E-3,1.149234E+1,9.609387E-2,1.672847E+1
2.450000E+0,0.000000E+0,5.588053E-3,-5.588577E-3,1.155916E+1,9.313422E-2,1.689389E+1
2.400000E+0,0.000000E+0,5.409328E-3,-5.409848E-3,1.162580E+1,9.015546E-2,1.678552E+1
2.350000E+0,0.000000E+0,5.230693E-3,-5.231221E-3,1.169169E+1,8.717821E-2,1.679401E+1
2.300000E+0,0.000000E+0,5.053678E-3,-5.054240E-3,1.175833E+1,8.422796E-2,1.694771E+1
2.250000E+0,0.000000E+0,4.875588E-3,-4.876156E-3,1.182522E+1,8.125980E-2,1.684548E+1
2.200000E+0,0.000000E+0,4.699106E-3,-4.699625E-3,1.189216E+1,7.831844E-2,1.699891E+1
2.150000E+0,0.000000E+0,4.524660E-3,-4.525198E-3,1.195805E+1,7.541100E-2,1.719725E+1
2.100000E+0,0.000000E+0,4.350226E-3,-4.350816E-3,1.202491E+1,7.250377E-2,1.719849E+1
2.050000E+0,0.000000E+0,4.175287E-3,-4.175921E-3,1.209177E+1,6.958812E-2,1.714886E+1
2.000000E+0,0.000000E+0,4.001895E-3,-4.002482E-3,1.215859E+1,6.669825E-2,1.730181E+1
1.950000E+0,0.000000E+0,3.830949E-3,-3.831526E-3,1.222444E+1,6.384915E-2,1.754941E+1
1.900000E+0,0.000000E+0,3.660004E-3,-3.660557E-3,1.229123E+1,6.100007E-2,1.754951E+1
1.850000E+0,0.000000E+0,3.490658E-3,-3.491274E-3,1.235805E+1,5.817763E-2,1.771517E+1
1.800000E+0,0.000000E+0,3.324375E-3,-3.324953E-3,1.242490E+1,5.540625E-2,1.804156E+1
1.750000E+0,0.000000E+0,3.158262E-3,-3.158878E-3,1.249086E+1,5.263770E-2,1.805997E+1
1.700000E+0,0.000000E+0,2.992868E-3,-2.993426E-3,1.255770E+1,4.988114E-2,1.813858E+1
1.650000E+0,0.000000E+0,2.830360E-3,-2.830909E-3,1.262452E+1,4.717266E-2,1.846056E+1
1.600000E+0,0.000000E+0,2.669159E-3,-2.669718E-3,1.269038E+1,4.448598E-2,1.861033E+1
1.550000E+0,0.000000E+0,2.510331E-3,-2.510948E-3,1.275766E+1,4.183884E-2,1.888830E+1
1.500000E+0,0.000000E+0,2.361897E-3,-2.362541E-3,1.282349E+1,3.936495E-2,2.021107E+1
1.450000E+0,0.000000E+0,2.213572E-3,-2.214222E-3,1.289046E+1,3.689287E-2,2.022586E+1
1.400000E+0,0.000000E+0,2.064721E-3,-2.065353E-3,1.295732E+1,3.441202E-2,2.015442E+1
1.350000E+0,0.000000E+0,1.918974E-3,-1.919635E-3,1.302510E+1,3.198290E-2,2.058354E+1
1.300000E+0,0.000000E+0,1.777064E-3,-1.777681E-3,1.309204E+1,2.961773E-2,2.114012E+1
1.250000E+0,0.000000E+0,1.642387E-3,-1.643020E-3,1.315826E+1,2.737311E-2,2.227557E+1
1.200000E+0,0.000000E+0,1.511806E-3,-1.512469E-3,1.322526E+1,2.519677E-2,2.297431E+1
1.150000E+0,0.000000E+0,1.382828E-3,-1.383505E-3,1.330523E+1,2.304713E-2,2.325969E+1
1.100000E+0,0.000000E+0,1.259682E-3,-1.260334E-3,1.337150E+1,2.099470E-2,2.436140E+1
1.050000E+0,0.000000E+0,1.142406E-3,-1.143352E-3,1.343960E+1,1.904011E-2,2.558076E+1
1.000000E+0,0.000000E+0,1.031450E-3,-1.032420E-3,1.350795E+1,1.719083E-2,2.703763E+1
9.500000E-1,0.000000E+0,9.276934E-4,-9.276870E-4,1.363466E+1,1.546156E-2,2.891382E+1
9.000000E-1,0.000000E+0,8.319149E-4,-8.319090E-4,1.370184E+1,1.386525E-2,3.132229E+1
8.500000E-1,0.000000E+0,7.452735E-4,-7.452692E-4,1.376866E+1,1.242122E-2,3.462545E+1
8.000000E-1,0.000000E+0,6.672203E-4,-6.672181E-4,1.383561E+1,1.112034E-2,3.843532E+1
7.500000E-1,0.000000E+0,5.996027E-4,-5.996018E-4,1.390268E+1,9.993378E-3,4.436717E+1
7.000000E-1,0.000000E+0,5.434884E-4,-5.434880E-4,1.396928E+1,9.058140E-3,5.346233E+1
6.500000E-1,0.000000E+0,4.990855E-4,-4.990850E-4,1.403613E+1,8.318091E-3,6.756307E+1
6.000000E-1,0.000000E+0,4.579808E-4,-4.579804E-4,1.410195E+1,7.633013E-3,7.298439E+1
5.500000E-1,0.000000E+0,4.185011E-4,-4.185008E-4,1.416874E+1,6.975019E-3,7.598854E+1
5.000000E-1,0.000000E+0,3.814611E-4,-3.814613E-4,1.423556E+1,6.357684E-3,8.099331E+1
4.500000E-1,0.000000E+0,3.455211E-4,-3.455213E-4,1.430238E+1,5.758685E-3,8.347259E+1
4.000000E-1,0.000000E+0,3.091382E-4,-3.091379E-4,1.436923E+1,5.152303E-3,8.245625E+1
3.500000E-1,0.000000E+0,2.720322E-4,-2.720322E-4,1.443502E+1,4.533869E-3,8.084942E+1
3.000000E-1,0.000000E+0,2.343822E-4,-2.343820E-4,1.450184E+1,3.906369E-3,7.968128E+1
2.500000E-1,0.000000E+0,1.960982E-4,-1.960979E-4,1.456870E+1,3.268304E-3,7.836182E+1
2.000000E-1,0.000000E+0,1.572466E-4,-1.572456E-4,1.463549E+1,2.620777E-3,7.721686E+1
1.500000E-1,0.000000E+0,1.182669E-4,-1.182661E-4,1.470131E+1,1.971116E-3,7.696323E+1
1.000000E-1,0.000000E+0,7.865020E-5,-7.865325E-5,1.482897E+1,1.310837E-3,7.572555E+1
5.000000E-2,0.000000E+0,3.925234E-5,-3.925545E-5,1.489578E+1,6.542057E-4,7.614627E+1
-7.646661E-15,0.000000E+0,3.889492E-8,-3.888713E-8,1.512816E+1,6.482486E-7,7.650437E+1
-5.000000E-2,0.000000E+0,-3.811792E-5,3.817631E-5,1.537649E+1,6.352987E-4,-7.878353E+1
-1.000000E-1,0.000000E+0,-7.668567E-5,7.668106E-5,1.544332E+1,1.278094E-3,-7.778520E+1
-1.500000E-1,0.000000E+0,-1.146349E-4,1.146309E-4,1.557097E+1,1.910581E-3,-7.905302E+1
-2.000000E-1,0.000000E+0,-1.511612E-4,1.511570E-4,1.563679E+1,2.519353E-3,-8.213254E+1
-2.500000E-1,0.000000E+0,-1.860520E-4,1.860466E-4,1.570461E+1,3.100866E-3,-8.598264E+1
-3.000000E-1,0.000000E+0,-2.185860E-4,2.185801E-4,1.577148E+1,3.643100E-3,-9.221120E+1
-3.500000E-1,0.000000E+0,-2.474703E-4,2.474628E-4,1.583729E+1,4.124505E-3,-1.038627E+2
-4.000000E-1,0.000000E+0,-2.750920E-4,2.750841E-4,1.590410E+1,4.584867E-3,-1.086101E+2
-4.500000E-1,0.000000E+0,-2.989043E-4,2.988963E-4,1.597092E+1,4.981739E-3,-1.259854E+2
-5.000000E-1,0.000000E+0,-3.207118E-4,3.207026E-4,1.603771E+1,5.345196E-3,-1.375677E+2
-5.500000E-1,0.000000E+0,-3.403059E-4,3.402952E-4,1.610456E+1,5.671766E-3,-1.531067E+2
-6.000000E-1,0.000000E+0,-3.573624E-4,3.573513E-4,1.617238E+1,5.956040E-3,-1.758863E+2
-6.500000E-1,0.000000E+0,-3.725274E-4,3.725163E-4,1.623920E+1,6.208790E-3,-1.978245E+2
-7.000000E-1,0.000000E+0,-3.859951E-4,3.859848E-4,-4.369498E+1,6.433251E-3,-2.227555E+2
-7.500000E-1,0.000000E+0,-3.977177E-4,3.977074E-4,-4.362815E+1,6.628629E-3,-2.559143E+2
-8.000000E-1,0.000000E+0,-4.084811E-4,4.084707E-4,-4.356134E+1,6.808019E-3,-2.787220E+2
-8.500000E-1,0.000000E+0,-4.175446E-4,4.175335E-4,-4.349469E+1,6.959077E-3,-3.309985E+2
-9.000000E-1,0.000000E+0,-4.260992E-4,4.260879E-4,-4.342864E+1,7.101653E-3,-3.506895E+2
-9.500000E-1,0.000000E+0,-4.338535E-4,4.338424E-4,-4.336157E+1,7.230892E-3,-3.868803E+2
-1.000000E+0,0.000000E+0,-4.411111E-4,4.411006E-4,-4.329377E+1,7.351852E-3,-4.133618E+2
-1.050000E+0,0.000000E+0,-4.475376E-4,4.475264E-4,-4.322742E+1,7.458960E-3,-4.668189E+2
-1.100000E+0,0.000000E+0,-4.531945E-4,4.531837E-4,-4.316065E+1,7.553242E-3,-5.303220E+2
-1.150000E+0,0.000000E+0,-4.581665E-4,4.581553E-4,-4.309350E+1,7.636108E-3,-6.033811E+2
-1.200000E+0,0.000000E+0,-4.625532E-4,4.625417E-4,-4.302681E+1,7.709220E-3,-6.838893E+2
-1.250000E+0,0.000000E+0,-4.662086E-4,4.661962E-4,-4.296009E+1,7.770143E-3,-8.207009E+2
-1.300000E+0,0.000000E+0,-4.699445E-4,4.699333E-4,-4.289422E+1,7.832408E-3,-8.030165E+2
-1.350000E+0,0.000000E+0,-4.738603E-4,4.738490E-4,-4.282737E+1,7.897671E-3,-7.661319E+2
-1.400000E+0,0.000000E+0,-4.770975E-4,4.770857E-4,-4.276063E+1,7.951625E-3,-9.267130E+2
-1.450000E+0,0.000000E+0,-4.799875E-4,4.799756E-4,-4.269302E+1,7.999792E-3,-1.038059E+3
-1.500000E+0,0.000000E+0,-4.827089E-4,4.826976E-4,-4.262719E+1,8.045149E-3,-1.102369E+3
-1.550000E+0,0.000000E+0,-4.852113E-4,4.852007E-4,-4.256033E+1,8.086855E-3,-1.198874E+3
-1.600000E+0,0.000000E+0,-4.873812E-4,4.873709E-4,-4.249375E+1,8.123021E-3,-1.382519E+3
-1.650000E+0,0.000000E+0,-4.895753E-4,4.895643E-4,-4.242690E+1,8.159588E-3,-1.367352E+3
-1.700000E+0,0.000000E+0,-4.913290E-4,4.913184E-4,-4.236089E+1,8.188817E-3,-1.710631E+3
-1.750000E+0,0.000000E+0,-4.921213E-4,4.921105E-4,-4.229387E+1,8.202021E-3,-3.786614E+3
-1.800000E+0,0.000000E+0,-4.928960E-4,4.928852E-4,-4.222638E+1,8.214934E-3,-3.872247E+3
-1.850000E+0,0.000000E+0,-4.930339E-4,4.930239E-4,-4.215950E+1,8.217232E-3,-2.175585E+4
-1.900000E+0,0.000000E+0,-4.933260E-4,4.933156E-4,-4.209336E+1,8.222100E-3,-1.027095E+4
-1.950000E+0,0.000000E+0,-4.928890E-4,4.928791E-4,-4.202619E+1,8.214816E-3,6.864625E+3
-2.000000E+0,0.000000E+0,-4.922764E-4,4.922667E-4,-4.195976E+1,8.204607E-3,4.897806E+3
-2.050000E+0,0.000000E+0,-4.918175E-4,4.918068E-4,-4.189172E+1,8.196958E-3,6.536412E+3
-2.100000E+0,0.000000E+0,-4.913209E-4,4.913100E-4,-4.182573E+1,8.188681E-3,6.040742E+3
-2.150000E+0,0.000000E+0,-4.905372E-4,4.905266E-4,-4.175887E+1,8.175620E-3,3.828241E+3
-2.200000E+0,0.000000E+0,-4.893095E-4,4.892993E-4,-4.169273E+1,8.155159E-3,2.443678E+3
-2.250000E+0,0.000000E+0,-4.883987E-4,4.883881E-4,-4.162636E+1,8.139979E-3,3.293687E+3
-2.300000E+0,0.000000E+0,-4.873098E-4,4.872992E-4,-4.155954E+1,8.121830E-3,2.755097E+3
-2.350000E+0,0.000000E+0,-4.861371E-4,4.861266E-4,-4.149272E+1,8.102284E-3,2.558051E+3
-2.400000E+0,0.000000E+0,-4.853828E-4,4.853722E-4,-4.142663E+1,8.089714E-3,3.977589E+3
-2.450000E+0,0.000000E+0,-4.847036E-4,4.846928E-4,-4.135984E+1,8.078393E-3,4.416608E+3
-2.500000E+0,0.000000E+0,-4.838798E-4,4.838688E-4,-4.129325E+1,8.064664E-3,3.641860E+3
-2.550000E+0,0.000000E+0,-4.836532E-4,4.836422E-4,-4.122642E+1,8.060887E-3,1.323905E+4
-2.600000E+0,0.000000E+0,-4.829499E-4,4.829392E-4,-4.115860E+1,8.049164E-3,4.265288E+3
-2.650000E+0,0.000000E+0,-4.821186E-4,4.821077E-4,-4.109278E+1,8.035311E-3,3.609090E+3
-2.700000E+0,0.000000E+0,-4.815441E-4,4.815333E-4,-4.102396E+1,8.025736E-3,5.222109E+3
-2.750000E+0,0.000000E+0,-4.811185E-4,4.811076E-4,-4.095714E+1,8.018641E-3,7.047670E+3
-2.800000E+0,0.000000E+0,-4.805664E-4,4.805557E-4,-4.089032E+1,8.009440E-3,5.434088E+3
-2.850000E+0,0.000000E+0,-4.799213E-4,4.799110E-4,-4.082390E+1,7.998689E-3,4.650750E+3
-2.900000E+0,0.000000E+0,-4.795045E-4,4.794934E-4,-4.075803E+1,7.991742E-3,7.196762E+3
-2.950000E+0,0.000000E+0,-4.789999E-4,4.789883E-4,-4.069106E+1,7.983331E-3,5.944934E+3
-3.000000E+0,0.000000E+0,-4.785449E-4,4.785335E-4,-4.062324E+1,7.975748E-3,6.593272E+3
-3.050000E+0,0.000000E+0,-4.782665E-4,4.782553E-4,-4.055714E+1,7.971108E-3,1.077784E+4
-3.100000E+0,0.000000E+0,-4.778755E-4,4.778643E-4,-4.049031E+1,7.964592E-3,7.672439E+3
-3.150000E+0,0.000000E+0,-4.773560E-4,4.773460E-4,-4.042350E+1,7.955933E-3,5.774746E+3
-3.200000E+0,0.000000E+0,-4.771416E-4,4.771312E-4,-4.035768E+1,7.952361E-3,1.399582E+4
-3.250000E+0,0.000000E+0,-4.768194E-4,4.768094E-4,-4.029086E+1,7.946990E-3,9.309900E+3
-3.300000E+0,0.000000E+0,-4.766946E-4,4.766846E-4,-4.022404E+1,7.944910E-3,2.403900E+4
-3.350000E+0,0.000000E+0,-4.765355E-4,4.765252E-4,-4.015722E+1,7.942258E-3,1.885136E+4
-3.400000E+0,0.000000E+0,-4.759760E-4,4.759650E-4,-4.009043E+1,7.932933E-3,5.362286E+3
-3.450000E+0,0.000000E+0,-4.758148E-4,4.758039E-4,-4.002457E+1,7.930247E-3,1.861308E+4
-3.500000E+0,0.000000E+0,-4.758139E-4,4.758035E-4,-3.995779E+1,7.930232E-3,3.221225E+6
-3.550000E+0,0.000000E+0,-4.754858E-4,4.754740E-4,-3.989096E+1,7.924764E-3,9.144714E+3
-3.600000E+0,0.000000E+0,-4.751036E-4,4.750924E-4,-3.982411E+1,7.918394E-3,7.849468E+3
-3.650000E+0,0.000000E+0,-4.749495E-4,4.749389E-4,-3.975630E+1,7.915825E-3,1.946360E+4
-3.700000E+0,0.000000E+0,-4.749215E-4,4.749109E-4,-3.968948E+1,7.915358E-3,1.070397E+5
-3.750000E+0,0.000000E+0,-4.746746E-4,4.746640E-4,-3.962365E+1,7.911243E-3,1.215127E+4
-3.800000E+0,0.000000E+0,-4.740758E-4,4.740643E-4,-3.955686E+1,7.901264E-3,5.010169E+3
-3.850000E+0,0.000000E+0,-4.737646E-4,4.737535E-4,-3.948902E+1,7.896076E-3,9.638075E+3
-3.900000E+0,0.000000E+0,-4.736462E-4,4.736346E-4,-3.942110E+1,7.894103E-3,2.534527E+4
-3.950000E+0,0.000000E+0,-4.734557E-4,4.734448E-4,-3.935524E+1,7.890928E-3,1.574931E+4
-4.000000E+0,0.000000E+0,-4.733502E-4,4.733395E-4,-3.928890E+1,7.889170E-3,2.843565E+4
-4.050000E+0,0.000000E+0,-4.728175E-4,4.728062E-4,-3.922206E+1,7.880291E-3,5.631205E+3
-4.100000E+0,0.000000E+0,-4.732184E-4,4.732071E-4,-3.915526E+1,7.886973E-3,-7.483065E+3
-4.150000E+0,0.000000E+0,-4.728923E-4,4.728811E-4,-3.908840E+1,7.881538E-3,9.201037E+3
-4.200000E+0,0.000000E+0,-4.729335E-4,4.729225E-4,-3.902262E+1,7.882226E-3,-7.274468E+4
-4.250000E+0,0.000000E+0,-4.730186E-4,4.730074E-4,-3.895577E+1,7.883643E-3,-3.528902E+4
-4.300000E+0,0.000000E+0,-4.727498E-4,4.727385E-4,-3.888895E+1,7.879164E-3,1.116422E+4
-4.350000E+0,0.000000E+0,-4.730437E-4,4.730325E-4,-3.882316E+1,7.884062E-3,-1.020890E+4
-4.400000E+0,0.000000E+0,-4.730535E-4,4.730429E-4,-3.875633E+1,7.884225E-3,-3.067834E+5
-4.450000E+0,0.000000E+0,-4.728073E-4,4.727964E-4,-3.868951E+1,7.880122E-3,1.218574E+4
-4.500000E+0,0.000000E+0,-4.727067E-4,4.726956E-4,-3.862281E+1,7.878445E-3,2.981753E+4
-4.550000E+0,0.000000E+0,-4.726780E-4,4.726664E-4,-3.855696E+1,7.877966E-3,1.044369E+5
-4.600000E+0,0.000000E+0,-4.724281E-4,4.724168E-4,-3.849021E+1,7.873802E-3,1.200690E+4
-4.650000E+0,0.000000E+0,-4.720794E-4,4.720682E-4,-3.842299E+1,7.867990E-3,8.603557E+3
-4.700000E+0,0.000000E+0,-4.718874E-4,4.718765E-4,-3.835662E+1,7.864790E-3,1.562280E+4
-4.750000E+0,0.000000E+0,-4.721644E-4,4.721538E-4,-3.828980E+1,7.869407E-3,-1.082879E+4
-4.800000E+0,0.000000E+0,-4.719973E-4,4.719863E-4,-3.822192E+1,7.866621E-3,1.794867E+4
-4.850000E+0,0.000000E+0,-4.717782E-4,4.717677E-4,-3.815513E+1,7.862970E-3,1.369278E+4
-4.900000E+0,0.000000E+0,-4.712991E-4,4.712883E-4,-3.808829E+1,7.854985E-3,6.261646E+3
-4.950000E+0,0.000000E+0,-4.715121E-4,4.715013E-4,-3.802198E+1,7.858535E-3,-1.408378E+4
-5.000000E+0,0.000000E+0,-4.715608E-4,4.715501E-4,-3.795516E+1,7.859346E-3,-6.165025E+4
-5.050000E+0,0.000000E+0,-4.714603E-4,4.714493E-4,-3.788920E+1,7.857671E-3,2.985208E+4
-5.100000E+0,0.000000E+0,-4.713591E-4,4.713479E-4,-3.782235E+1,7.855986E-3,2.967162E+4
-5.150000E+0,0.000000E+0,-4.712683E-4,4.712577E-4,-3.775560E+1,7.854472E-3,3.302762E+4
-5.200000E+0,0.000000E+0,-4.711369E-4,4.711257E-4,-3.768935E+1,7.852282E-3,2.283545E+4
-5.250000E+0,0.000000E+0,-4.708249E-4,4.708141E-4,-3.762246E+1,7.847081E-3,9.612908E+3
-5.300000E+0,0.000000E+0,-4.708334E-4,4.708225E-4,-3.755613E+1,7.847224E-3,-3.494211E+5
-5.350000E+0,0.000000E+0,-4.708891E-4,4.708787E-4,-3.748909E+1,7.848152E-3,-5.388354E+4
-5.400000E+0,0.000000E+0,-4.706651E-4,4.706543E-4,-3.742230E+1,7.844418E-3,1.339213E+4
-5.450000E+0,0.000000E+0,-4.705060E-4,4.704955E-4,-3.735648E+1,7.841766E-3,1.885136E+4
-5.500000E+0,0.000000E+0,-4.704132E-4,4.704032E-4,-3.728960E+1,7.840221E-3,3.235380E+4
-5.550000E+0,0.000000E+0,-4.705628E-4,4.705532E-4,-3.722348E+1,7.842714E-3,-2.005432E+4
-5.600000E+0,0.000000E+0,-4.703797E-4,4.703695E-4,-3.715700E+1,7.839662E-3,1.638519E+4
-5.650000E+0,0.000000E+0,-4.706037E-4,4.705943E-4,-3.709003E+1,7.843395E-3,-1.339387E+4
-5.700000E+0,0.000000E+0,-4.703756E-4,4.703655E-4,-3.702313E+1,7.839593E-3,1.314786E+4
-5.750000E+0,0.000000E+0,-4.703076E-4,4.702976E-4,-3.695711E+1,7.838460E-3,4.414527E+4
-5.800000E+0,0.000000E+0,-4.701997E-4,4.701893E-4,-3.689023E+1,7.836662E-3,2.781414E+4
-5.850000E+0,0.000000E+0,-4.701842E-4,4.701737E-4,-3.682368E+1,7.836404E-3,1.933944E+5
-5.900000E+0,0.000000E+0,-4.701396E-4,4.701294E-4,-3.675675E+1,7.835661E-3,6.728408E+4
-5.950000E+0,0.000000E+0,-4.702046E-4,4.701940E-4,-3.669021E+1,7.836744E-3,-4.616176E+4
-6.000000E+0,0.000000E+0,-4.699633E-4,4.699524E-4,-3.662407E+1,7.832722E-3,1.243266E+4
-6.050000E+0,0.000000E+0,-4.701041E-4,4.700939E-4,-3.655579E+1,7.835069E-3,-2.130616E+4
-6.100000E+0,0.000000E+0,-4.700029E-4,4.699925E-4,-3.649012E+1,7.833382E-3,2.963750E+4
-6.150000E+0,0.000000E+0,-4.700148E-4,4.700047E-4,-3.642328E+1,7.833581E-3,-2.514127E+5
-6.200000E+0,0.000000E+0,-4.699484E-4,4.699381E-4,-3.635641E+1,7.832474E-3,4.517056E+4
-6.250000E+0,0.000000E+0,-4.697435E-4,4.697336E-4,-3.628990E+1,7.829058E-3,1.463985E+4
-6.300000E+0,0.000000E+0,-4.697643E-4,4.697540E-4,-3.622174E+1,7.829404E-3,-1.445711E+5
-6.350000E+0,0.000000E+0,-4.696660E-4,4.696552E-4,-3.615592E+1,7.827767E-3,3.054199E+4
-6.400000E+0,0.000000E+0,-4.695994E-4,4.695888E-4,-3.608957E+1,7.826656E-3,4.501276E+4
-6.450000E+0,0.000000E+0,-4.696613E-4,4.696504E-4,-3.602256E+1,7.827688E-3,-4.848505E+4
-6.500000E+0,0.000000E+0,-4.698417E-4,4.698309E-4,-3.595566E+1,7.830696E-3,-1.662300E+4
-6.550000E+0,0.000000E+0,-4.695250E-4,4.695136E-4,-3.588995E+1,7.825417E-3,9.471581E+3
-6.600000E+0,0.000000E+0,-4.696074E-4,4.695959E-4,-3.582312E+1,7.826790E-3,-3.641088E+4
-6.650000E+0,0.000000E+0,-4.696121E-4,4.696010E-4,-3.575672E+1,7.826869E-3,-6.323878E+5
-6.700000E+0,0.000000E+0,-4.690950E-4,4.690836E-4,-3.569000E+1,7.818250E-3,5.801397E+3
-6.750000E+0,0.000000E+0,-4.688288E-4,4.688168E-4,-3.562218E+1,7.813814E-3,1.127041E+4
-6.800000E+0,0.000000E+0,-4.690224E-4,4.690097E-4,-3.555536E+1,7.817040E-3,-1.549830E+4
-6.850000E+0,0.000000E+0,-4.690585E-4,4.690475E-4,-3.548952E+1,7.817642E-3,-8.299454E+4
-6.900000E+0,0.000000E+0,-4.693090E-4,4.692968E-4,-3.542266E+1,7.821816E-3,-1.197899E+4
-6.950000E+0,0.000000E+0,-4.691786E-4,4.691666E-4,-3.535602E+1,7.819643E-3,2.300362E+4
-7.000000E+0,0.000000E+0,-4.691127E-4,4.691010E-4,-3.528955E+1,7.818544E-3,4.550959E+4
-7.050000E+0,0.000000E+0,-4.688621E-4,4.688505E-4,-3.522278E+1,7.814368E-3,1.197203E+4
-7.100000E+0,0.000000E+0,-4.689564E-4,4.689441E-4,-3.515583E+1,7.815939E-3,-3.181457E+4
-7.150000E+0,0.000000E+0,-4.688825E-4,4.688714E-4,-3.508960E+1,7.814708E-3,4.059835E+4
-7.200000E+0,0.000000E+0,-4.689160E-4,4.689044E-4,-3.502344E+1,7.815266E-3,-8.955623E+4
-7.250000E+0,0.000000E+0,-4.688268E-4,4.688154E-4,-3.495662E+1,7.813780E-3,3.364204E+4
-7.300000E+0,0.000000E+0,-4.684522E-4,4.684407E-4,-3.488978E+1,7.807537E-3,8.009263E+3
-7.350000E+0,0.000000E+0,-4.685468E-4,4.685350E-4,-3.482417E+1,7.809113E-3,-3.173621E+4
-7.400000E+0,0.000000E+0,-4.685310E-4,4.685191E-4,-3.475735E+1,7.808851E-3,1.908874E+5
-7.450000E+0,0.000000E+0,-4.687569E-4,4.687447E-4,-3.469053E+1,7.812616E-3,-1.327998E+4
-7.500000E+0,0.000000E+0,-4.686499E-4,4.686377E-4,-3.462365E+1,7.810831E-3,2.801827E+4
-7.550000E+0,0.000000E+0,-4.683999E-4,4.683881E-4,-3.455783E+1,7.806665E-3,1.200131E+4
-7.600000E+0,0.000000E+0,-4.683973E-4,4.683855E-4,-3.449086E+1,7.806621E-3,1.145325E+6
-7.650000E+0,0.000000E+0,-4.685007E-4,4.684892E-4,-3.442404E+1,7.808346E-3,-2.899556E+4
-7.700000E+0,0.000000E+0,-4.683669E-4,4.683547E-4,-3.435822E+1,7.806115E-3,2.241340E+4
-7.750000E+0,0.000000E+0,-4.681852E-4,4.681732E-4,-3.429130E+1,7.803087E-3,1.651117E+4
-7.800000E+0,0.000000E+0,-4.681772E-4,4.681658E-4,-3.422448E+1,7.802954E-3,3.762015E+5
-7.850000E+0,0.000000E+0,-4.681536E-4,4.681411E-4,-3.415667E+1,7.802560E-3,1.271014E+5
-7.900000E+0,0.000000E+0,-4.680609E-4,4.680493E-4,-3.408977E+1,7.801014E-3,3.234365E+4
-7.950000E+0,0.000000E+0,-4.680124E-4,4.680010E-4,-3.402407E+1,7.800206E-3,6.183516E+4
-8.000000E+0,0.000000E+0,-4.682267E-4,4.682162E-4,-3.395726E+1,7.803778E-3,-1.399582E+4
-8.050000E+0,0.000000E+0,-4.681857E-4,4.681741E-4,-3.388939E+1,7.803095E-3,7.315771E+4
-8.100000E+0,0.000000E+0,-4.681071E-4,4.680954E-4,-3.382257E+1,7.801785E-3,3.817749E+4
-8.150000E+0,0.000000E+0,-4.681817E-4,4.681700E-4,-3.375631E+1,7.803029E-3,-4.020250E+4
-8.200000E+0,0.000000E+0,-4.679326E-4,4.679206E-4,-3.368912E+1,7.798877E-3,1.204196E+4
-8.250000E+0,0.000000E+0,-4.683246E-4,4.683138E-4,-3.362330E+1,7.805410E-3,-7.653639E+3
-8.300000E+0,0.000000E+0,-4.682191E-4,4.682085E-4,-3.355548E+1,7.803651E-3,2.843565E+4
-8.350000E+0,0.000000E+0,-4.678558E-4,4.678454E-4,-3.348767E+1,7.797597E-3,8.258891E+3
-8.400000E+0,0.000000E+0,-4.679199E-4,4.679082E-4,-3.342087E+1,7.798664E-3,-4.685419E+4
-8.450000E+0,0.000000E+0,-4.680207E-4,4.680097E-4,-3.335290E+1,7.800345E-3,-2.974869E+4
-8.500000E+0,0.000000E+0,-4.678587E-4,4.678476E-4,-3.328708E+1,7.797645E-3,1.851612E+4
-8.550000E+0,0.000000E+0,-4.678307E-4,4.678201E-4,-3.321926E+1,7.797178E-3,1.071510E+5
-8.600000E+0,0.000000E+0,-4.676958E-4,4.676850E-4,-3.315244E+1,7.794931E-3,2.224891E+4
-8.650000E+0,0.000000E+0,-4.678201E-4,4.678077E-4,-3.308611E+1,7.797001E-3,-2.415164E+4
-8.700000E+0,0.000000E+0,-4.677836E-4,4.677725E-4,-3.302005E+1,7.796393E-3,8.226593E+4
-8.750000E+0,0.000000E+0,-4.680287E-4,4.680175E-4,-3.295311E+1,7.800478E-3,-1.224073E+4
-8.800000E+0,0.000000E+0,-4.679332E-4,4.679214E-4,-3.288727E+1,7.798887E-3,3.141701E+4
-8.850000E+0,0.000000E+0,-4.676049E-4,4.675926E-4,-3.282028E+1,7.793415E-3,9.138228E+3
-8.900000E+0,0.000000E+0,-4.674500E-4,4.674388E-4,-3.275410E+1,7.790834E-3,1.937215E+4
-8.950000E+0,0.000000E+0,-4.675235E-4,4.675114E-4,-3.268694E+1,7.792058E-3,-4.085581E+4
-9.000000E+0,0.000000E+0,-4.673413E-4,4.673300E-4,-3.262025E+1,7.789022E-3,1.647159E+4
-9.050000E+0,0.000000E+0,-4.673736E-4,4.673626E-4,-3.255357E+1,7.789561E-3,-9.286416E+4
-9.100000E+0,0.000000E+0,-4.675025E-4,4.674915E-4,-3.248765E+1,7.791708E-3,-2.328421E+4
-9.150000E+0,0.000000E+0,-4.671699E-4,4.671583E-4,-3.242055E+1,7.786165E-3,9.020672E+3
-9.200000E+0,0.000000E+0,-4.672279E-4,4.672171E-4,-3.235384E+1,7.787132E-3,-5.169469E+4
-9.250000E+0,0.000000E+0,-4.673686E-4,4.673573E-4,-3.228802E+1,7.789477E-3,-2.132379E+4
-9.300000E+0,0.000000E+0,-4.673810E-4,4.673691E-4,-3.222093E+1,7.789684E-3,-2.419700E+5
-9.350000E+0,0.000000E+0,-4.672065E-4,4.671954E-4,-3.215411E+1,7.786775E-3,1.718846E+4
-9.400000E+0,0.000000E+0,-4.672712E-4,4.672604E-4,-3.208626E+1,7.787854E-3,-4.634857E+4
-9.450000E+0,0.000000E+0,-4.674150E-4,4.674049E-4,-3.201941E+1,7.790250E-3,-2.086624E+4
-9.500000E+0,0.000000E+0,-4.673364E-4,4.673264E-4,-3.195327E+1,7.788941E-3,3.819163E+4
-9.550000E+0,0.000000E+0,-4.676557E-4,4.676460E-4,-3.188657E+1,7.794261E-3,-9.397321E+3
-9.600000E+0,0.000000E+0,-4.673165E-4,4.673069E-4,-3.181207E+1,7.788609E-3,8.845723E+3
-9.650000E+0,0.000000E+0,-4.674230E-4,4.674127E-4,-3.174466E+1,7.790383E-3,-2.818682E+4
-9.700000E+0,0.000000E+0,-4.678023E-4,4.677925E-4,-3.167789E+1,7.796705E-3,-7.908487E+3
-9.750000E+0,0.000000E+0,-4.675806E-4,4.675716E-4,-3.161089E+1,7.793009E-3,1.352923E+4
-9.800000E+0,0.000000E+0,-4.675008E-4,4.674919E-4,-3.154503E+1,7.791680E-3,3.762015E+4
-9.850000E+0,0.000000E+0,-4.673016E-4,4.672920E-4,-3.147793E+1,7.788361E-3,1.506125E+4
-9.900000E+0,0.000000E+0,-4.671242E-4,4.671145E-4,-3.141180E+1,7.785404E-3,1.691209E+4
-9.950000E+0,0.000000E+0,-4.667195E-4,4.667095E-4,-3.134504E+1,7.778659E-3,7.412571E+3
-1.000000E+1,0.000000E+0,-4.669006E-4,4.668911E-4,-3.127884E+1,7.781677E-3,-1.656689E+4
-1.005000E+1,0.000000E+0,-4.669999E-4,4.669904E-4,-3.121206E+1,7.783332E-3,-3.021079E+4
-1.010000E+1,0.000000E+0,-4.669112E-4,4.669004E-4,-3.114534E+1,7.781853E-3,3.381864E+4
-1.015000E+1,0.000000E+0,-4.667020E-4,4.666921E-4,-3.107892E+1,7.778367E-3,1.434046E+4
-1.020000E+1,0.000000E+0,-4.667728E-4,4.667639E-4,-3.101283E+1,7.779547E-3,-4.236712E+4
-1.025000E+1,0.000000E+0,-4.666712E-4,4.666622E-4,-3.094622E+1,7.777854E-3,2.953559E+4
-1.030000E+1,0.000000E+0,-4.666838E-4,4.666740E-4,-3.087915E+1,7.778063E-3,-2.397191E+5
-1.035000E+1,0.000000E+0,-4.672152E-4,4.672057E-4,-3.081284E+1,7.786920E-3,-5.645083E+3
-1.040000E+1,0.000000E+0,-4.669562E-4,4.669458E-4,-3.074602E+1,7.782603E-3,1.158193E+4
-1.045000E+1,0.000000E+0,-4.669392E-4,4.669305E-4,-3.068020E+1,7.782321E-3,1.771121E+5
-1.050000E+1,0.000000E+0,-4.671694E-4,4.671596E-4,-3.061230E+1,7.786157E-3,-1.303315E+4
-1.055000E+1,0.000000E+0,-4.671725E-4,4.671635E-4,-3.054592E+1,7.786209E-3,-9.633572E+5
-1.060000E+1,0.000000E+0,-4.671941E-4,4.671847E-4,-3.047910E+1,7.786568E-3,-1.391083E+5
-1.065000E+1,0.000000E+0,-4.670765E-4,4.670667E-4,-3.041323E+1,7.784609E-3,2.552097E+4
-1.070000E+1,0.000000E+0,-4.670802E-4,4.670705E-4,-3.034600E+1,7.784671E-3,-8.116474E+5
-1.075000E+1,0.000000E+0,-4.670204E-4,4.670112E-4,-3.027941E+1,7.783673E-3,5.013581E+4
-1.080000E+1,0.000000E+0,-4.673305E-4,4.673208E-4,-3.021337E+1,7.788841E-3,-9.675166E+3
-1.085000E+1,0.000000E+0,-4.670961E-4,4.670859E-4,-3.014651E+1,7.784935E-3,1.280010E+4
-1.090000E+1,0.000000E+0,-4.669012E-4,4.668918E-4,-3.007942E+1,7.781687E-3,1.539185E+4
-1.095000E+1,0.000000E+0,-4.670184E-4,4.670078E-4,-3.001360E+1,7.783640E-3,-2.559702E+4
-1.100000E+1,0.000000E+0,-4.669121E-4,4.669022E-4,-2.994649E+1,7.781868E-3,2.820997E+4
-1.105000E+1,0.000000E+0,-4.666387E-4,4.666287E-4,-2.988064E+1,7.777312E-3,1.097521E+4
-1.110000E+1,0.000000E+0,-4.667258E-4,4.667160E-4,-2.981185E+1,7.778764E-3,-3.442860E+4
-1.115000E+1,0.000000E+0,-4.670047E-4,4.669943E-4,-2.974503E+1,7.783412E-3,-1.075871E+4
-1.120000E+1,0.000000E+0,-4.670460E-4,4.670360E-4,-2.967893E+1,7.784101E-3,-7.253991E+4
-1.125000E+1,0.000000E+0,-4.670385E-4,4.670284E-4,-2.961224E+1,7.783976E-3,3.995318E+5
-1.130000E+1,0.000000E+0,-4.669307E-4,4.669215E-4,-2.954500E+1,7.782178E-3,2.780664E+4
-1.135000E+1,0.000000E+0,-4.670703E-4,4.670602E-4,-2.947918E+1,7.784506E-3,-2.147484E+4
-1.140000E+1,0.000000E+0,-4.671977E-4,4.671880E-4,-2.941218E+1,7.786628E-3,-2.356096E+4
-1.145000E+1,0.000000E+0,-4.672152E-4,4.672047E-4,-2.934633E+1,7.786920E-3,-1.712279E+5
-1.150000E+1,0.000000E+0,-4.670000E-4,4.669894E-4,-2.927954E+1,7.783334E-3,1.394281E+4
-1.155000E+1,0.000000E+0,-4.669229E-4,4.669115E-4,-2.921272E+1,7.782048E-3,3.889782E+4
-1.160000E+1,0.000000E+0,-4.667270E-4,4.667157E-4,-2.914574E+1,7.778784E-3,1.531638E+4
-1.165000E+1,0.000000E+0,-4.667872E-4,4.667757E-4,-2.907991E+1,7.779787E-3,-4.984488E+4
-1.170000E+1,0.000000E+0,-4.670061E-4,4.669962E-4,-2.901270E+1,7.783435E-3,-1.370552E+4
-1.175000E+1,0.000000E+0,-4.668981E-4,4.668881E-4,-2.894650E+1,7.781635E-3,2.777667E+4
-1.180000E+1,0.000000E+0,-4.669695E-4,4.669591E-4,-2.887985E+1,7.782825E-3,-4.202169E+4
-1.185000E+1,0.000000E+0,-4.669262E-4,4.669163E-4,-2.881302E+1,7.782104E-3,6.932025E+4
-1.190000E+1,0.000000E+0,-4.668296E-4,4.668193E-4,-2.874617E+1,7.780493E-3,3.103861E+4
-1.195000E+1,0.000000E+0,-4.667670E-4,4.667565E-4,-2.868034E+1,7.779450E-3,4.792153E+4
-1.200000E+1,0.000000E+0,-4.665538E-4,4.665436E-4,-2.861352E+1,7.775897E-3,1.407609E+4
-1.205000E+1,0.000000E+0,-4.667884E-4,4.667779E-4,-2.854725E+1,7.779807E-3,-1.278898E+4
-1.210000E+1,0.000000E+0,-4.669436E-4,4.669327E-4,-2.847983E+1,7.782394E-3,-1.932856E+4
-1.215000E+1,0.000000E+0,-4.674031E-4,4.673927E-4,-2.841398E+1,7.790051E-3,-6.529787E+3
-1.220000E+1,0.000000E+0,-4.669518E-4,4.669410E-4,-2.834698E+1,7.782529E-3,6.647270E+3
-1.225000E+1,0.000000E+0,-4.667884E-4,4.667777E-4,-2.828088E+1,7.779807E-3,1.836764E+4
-1.230000E+1,0.000000E+0,-4.668281E-4,4.668180E-4,-2.821403E+1,7.780469E-3,-7.557127E+4
-1.235000E+1,0.000000E+0,-4.668368E-4,4.668261E-4,-2.814754E+1,7.780614E-3,-3.447465E+5
-1.240000E+1,0.000000E+0,-4.669167E-4,4.669059E-4,-2.808149E+1,7.781945E-3,-3.755163E+4
-1.245000E+1,0.000000E+0,-4.668555E-4,4.668440E-4,-2.801513E+1,7.780926E-3,4.903864E+4
-1.250000E+1,0.000000E+0,-4.667435E-4,4.667328E-4,-2.794831E+1,7.779058E-3,2.677382E+4
-1.255000E+1,0.000000E+0,-4.667586E-4,4.667472E-4,-2.788208E+1,7.779310E-3,-1.982293E+5
-1.260000E+1,0.000000E+0,-4.666368E-4,4.666251E-4,-2.781433E+1,7.777280E-3,2.462475E+4
-1.265000E+1,0.000000E+0,-4.666001E-4,4.665890E-4,-2.774809E+1,7.776668E-3,8.174402E+4
-1.270000E+1,0.000000E+0,-4.665851E-4,4.665743E-4,-2.768194E+1,7.776418E-3,1.997659E+5
-1.275000E+1,0.000000E+0,-4.667760E-4,4.667651E-4,-2.761514E+1,7.779600E-3,-1.571090E+4
-1.280000E+1,0.000000E+0,-4.669613E-4,4.669501E-4,-2.754833E+1,7.782688E-3,-1.619215E+4
-1.285000E+1,0.000000E+0,-4.666705E-4,4.666593E-4,-2.748184E+1,7.777842E-3,1.031721E+4
-1.290000E+1,0.000000E+0,-4.668025E-4,4.667911E-4,-2.741498E+1,7.780042E-3,-2.272971E+4
-1.295000E+1,0.000000E+0,-4.667744E-4,4.667632E-4,-2.734889E+1,7.779573E-3,1.065969E+5
-1.300000E+1,0.000000E+0,-4.666079E-4,4.665962E-4,-2.728207E+1,7.776799E-3,1.802714E+4
-1.305000E+1,0.000000E+0,-4.667244E-4,4.667123E-4,-2.721522E+1,7.778740E-3,-2.575693E+4
-1.310000E+1,0.000000E+0,-4.667814E-4,4.667704E-4,-2.714886E+1,7.779690E-3,-5.264516E+4
-1.315000E+1,0.000000E+0,-4.666279E-4,4.666166E-4,-2.708204E+1,7.777131E-3,1.953738E+4
-1.320000E+1,0.000000E+0,-4.667454E-4,4.667344E-4,-2.701565E+1,7.779090E-3,-2.552097E+4
-1.325000E+1,0.000000E+0,-4.667273E-4,4.667160E-4,-2.694882E+1,7.778788E-3,1.654562E+5
-1.330000E+1,0.000000E+0,-4.667224E-4,4.667111E-4,-2.688260E+1,7.778706E-3,6.135668E+5
-1.335000E+1,0.000000E+0,-4.666620E-4,4.666522E-4,-2.681581E+1,7.777699E-3,4.965280E+4
-1.340000E+1,0.000000E+0,-4.665860E-4,4.665751E-4,-2.674999E+1,7.776433E-3,3.949395E+4
-1.345000E+1,0.000000E+0,-4.666112E-4,4.666007E-4,-2.668314E+1,7.776853E-3,-1.191667E+5
-1.350000E+1,0.000000E+0,-4.666828E-4,4.666715E-4,-2.661639E+1,7.778047E-3,-4.188509E+4
-1.355000E+1,0.000000E+0,-4.668594E-4,4.668471E-4,-2.655013E+1,7.780990E-3,-1.699015E+4
-1.360000E+1,0.000000E+0,-4.669980E-4,4.669866E-4,-2.648375E+1,7.783300E-3,-2.164166E+4
-1.365000E+1,0.000000E+0,-4.668011E-4,4.667897E-4,-2.641679E+1,7.780018E-3,1.523488E+4
-1.370000E+1,0.000000E+0,-4.667238E-4,4.667131E-4,-2.635030E+1,7.778730E-3,3.882456E+4
-1.375000E+1,0.000000E+0,-4.668032E-4,4.667931E-4,-2.628348E+1,7.780053E-3,-3.778564E+4
-1.380000E+1,0.000000E+0,-4.668538E-4,4.668429E-4,-2.621658E+1,7.780896E-3,-5.934324E+4
-1.385000E+1,0.000000E+0,-4.670045E-4,4.669941E-4,-2.614954E+1,7.783409E-3,-1.989562E+4
-1.390000E+1,0.000000E+0,-4.669304E-4,4.669194E-4,-2.608313E+1,7.782174E-3,4.047083E+4
-1.395000E+1,0.000000E+0,-4.667721E-4,4.667615E-4,-2.601640E+1,7.779535E-3,1.894839E+4
-1.400000E+1,0.000000E+0,-4.666336E-4,4.666225E-4,-2.595055E+1,7.777226E-3,2.165985E+4
-1.405000E+1,0.000000E+0,-4.668031E-4,4.667928E-4,-2.588373E+1,7.780051E-3,-1.769904E+4
-1.410000E+1,0.000000E+0,-4.664984E-4,4.664883E-4,-2.581734E+1,7.774973E-3,9.846138E+3
-1.415000E+1,0.000000E+0,-4.664805E-4,4.664701E-4,-2.575073E+1,7.774675E-3,1.676085E+5
-1.420000E+1,0.000000E+0,-4.665201E-4,4.665094E-4,-2.568391E+1,7.775335E-3,-7.579354E+4
-1.425000E+1,0.000000E+0,-4.665687E-4,4.665578E-4,-2.561733E+1,7.776146E-3,-6.165025E+4
-1.430000E+1,0.000000E+0,-4.667403E-4,4.667292E-4,-2.555110E+1,7.779005E-3,-1.748884E+4
-1.435000E+1,0.000000E+0,-4.665751E-4,4.665649E-4,-2.548446E+1,7.776251E-3,1.815734E+4
-1.440000E+1,0.000000E+0,-4.666364E-4,4.666263E-4,-2.541662E+1,7.777274E-3,-4.887587E+4
-1.445000E+1,0.000000E+0,-4.666657E-4,4.666552E-4,-2.535002E+1,7.777761E-3,-1.026685E+5
-1.450000E+1,0.000000E+0,-4.665058E-4,4.664953E-4,-2.528360E+1,7.775097E-3,1.876556E+4
-1.455000E+1,0.000000E+0,-4.662910E-4,4.662807E-4,-2.521728E+1,7.771516E-3,1.396548E+4
-1.460000E+1,0.000000E+0,-4.666506E-4,4.666403E-4,-2.515042E+1,7.777510E-3,-8.341767E+3
-1.465000E+1,0.000000E+0,-4.666480E-4,4.666384E-4,-2.508425E+1,7.777467E-3,1.145325E+6
-1.470000E+1,0.000000E+0,-4.667034E-4,4.666931E-4,-2.501811E+1,7.778391E-3,-5.410982E+4
-1.475000E+1,0.000000E+0,-4.666674E-4,4.666577E-4,-2.495097E+1,7.777791E-3,8.333000E+4
-1.480000E+1,0.000000E+0,-4.666549E-4,4.666456E-4,-2.488317E+1,7.777582E-3,2.397191E+5
-1.485000E+1,0.000000E+0,-4.662983E-4,4.662881E-4,-2.481603E+1,7.771638E-3,8.411197E+3
-1.490000E+1,0.000000E+0,-4.662088E-4,4.661992E-4,-2.474963E+1,7.770147E-3,3.355443E+4
-1.495000E+1,0.000000E+0,-4.666789E-4,4.666682E-4,-2.468229E+1,7.777981E-3,-6.382614E+3
-1.500000E+1,0.000000E+0,-4.664996E-4,4.664895E-4,-2.461582E+1,7.774993E-3,1.673364E+4
-1.505000E+1,0.000000E+0,-4.664138E-4,4.664035E-4,-2.454960E+1,7.773563E-3,3.495396E+4
-1.510000E+1,0.000000E+0,-4.662597E-4,4.662497E-4,-2.448316E+1,7.770996E-3,1.947831E+4
-1.515000E+1,0.000000E+0,-4.663977E-4,4.663861E-4,-2.441675E+1,7.773295E-3,-2.175126E+4
-1.520000E+1,0.000000E+0,-4.662626E-4,4.662516E-4,-2.435014E+1,7.771043E-3,2.221056E+4
-1.525000E+1,0.000000E+0,-4.663249E-4,4.663143E-4,-2.428220E+1,7.772082E-3,-4.812288E+4
-1.530000E+1,0.000000E+0,-4.663301E-4,4.663190E-4,-2.421629E+1,7.772168E-3,-5.856774E+5
-1.535000E+1,0.000000E+0,-4.663844E-4,4.663736E-4,-2.414961E+1,7.773074E-3,-5.518159E+4
-1.540000E+1,0.000000E+0,-4.661874E-4,4.661764E-4,-2.408239E+1,7.769789E-3,1.522363E+4
-1.545000E+1,0.000000E+0,-4.661662E-4,4.661545E-4,-2.401656E+1,7.769436E-3,1.413981E+5
-1.550000E+1,0.000000E+0,-4.662997E-4,4.662887E-4,-2.394974E+1,7.771661E-3,-2.246713E+4
-1.555000E+1,0.000000E+0,-4.663898E-4,4.663799E-4,-2.388289E+1,7.773163E-3,-3.329432E+4
-1.560000E+1,0.000000E+0,-4.665164E-4,4.665066E-4,-2.381695E+1,7.775273E-3,-2.369637E+4
-1.565000E+1,0.000000E+0,-4.662460E-4,4.662363E-4,-2.375029E+1,7.770767E-3,1.109691E+4
-1.570000E+1,0.000000E+0,-4.662793E-4,4.662688E-4,-2.368347E+1,7.771321E-3,-9.026201E+4
-1.575000E+1,0.000000E+0,-4.659181E-4,4.659081E-4,-2.361656E+1,7.765302E-3,8.306141E+3
-1.580000E+1,0.000000E+0,-4.661249E-4,4.661144E-4,-2.355034E+1,7.768749E-3,-1.450594E+4
-1.585000E+1,0.000000E+0,-4.661030E-4,4.660927E-4,-2.348412E+1,7.768383E-3,1.367098E+5
-1.590000E+1,0.000000E+0,-4.664024E-4,4.663927E-4,-2.341786E+1,7.773374E-3,-1.001742E+4
-1.595000E+1,0.000000E+0,-4.664036E-4,4.663929E-4,-2.335101E+1,7.773394E-3,-2.514127E+6
-1.600000E+1,0.000000E+0,-4.662285E-4,4.662173E-4,-2.328319E+1,7.770475E-3,1.713133E+4
-1.605000E+1,0.000000E+0,-4.661998E-4,4.661895E-4,-2.321737E+1,7.769996E-3,1.043312E+5
-1.610000E+1,0.000000E+0,-4.659720E-4,4.659622E-4,-2.314955E+1,7.766200E-3,1.316970E+4
-1.615000E+1,0.000000E+0,-4.661884E-4,4.661795E-4,-2.308373E+1,7.769807E-3,-1.385846E+4
-1.620000E+1,0.000000E+0,-4.661303E-4,4.661205E-4,-2.301640E+1,7.768838E-3,5.156539E+4
-1.625000E+1,0.000000E+0,-4.664054E-4,4.663953E-4,-2.295056E+1,7.773424E-3,-1.090324E+4
-1.630000E+1,0.000000E+0,-4.663192E-4,4.663092E-4,-2.288374E+1,7.771987E-3,3.481230E+4
-1.635000E+1,0.000000E+0,-4.665300E-4,4.665193E-4,-2.281711E+1,7.775500E-3,-1.423549E+4
-1.640000E+1,0.000000E+0,-4.665049E-4,4.664944E-4,-2.275021E+1,7.775082E-3,1.198596E+5
-1.645000E+1,0.000000E+0,-4.664143E-4,4.664043E-4,-2.268439E+1,7.773572E-3,3.311250E+4
-1.650000E+1,0.000000E+0,-4.664384E-4,4.664279E-4,-2.261772E+1,7.773974E-3,-1.244918E+5
-1.655000E+1,0.000000E+0,-4.665445E-4,4.665344E-4,-2.255117E+1,7.775742E-3,-2.827962E+4
-1.660000E+1,0.000000E+0,-4.665585E-4,4.665476E-4,-2.248437E+1,7.775975E-3,-2.151967E+5
-1.665000E+1,0.000000E+0,-4.667046E-4,4.666934E-4,-2.241801E+1,7.778411E-3,-2.052553E+4
-1.670000E+1,0.000000E+0,-4.665804E-4,4.665694E-4,-2.235118E+1,7.776340E-3,2.415164E+4
-1.675000E+1,0.000000E+0,-4.664983E-4,4.664873E-4,-2.228523E+1,7.774971E-3,3.652701E+4
-1.680000E+1,0.000000E+0,-4.663670E-4,4.663557E-4,-2.221835E+1,7.772784E-3,2.285570E+4
-1.685000E+1,0.000000E+0,-4.663576E-4,4.663470E-4,-2.215178E+1,7.772627E-3,3.181457E+5
-1.690000E+1,0.000000E+0,-4.663899E-4,4.663793E-4,-2.208596E+1,7.773166E-3,-9.278057E+4
-1.695000E+1,0.000000E+0,-4.661994E-4,4.661887E-4,-2.201954E+1,7.769990E-3,1.574690E+4
-1.700000E+1,0.000000E+0,-4.663157E-4,4.663056E-4,-2.195205E+1,7.771928E-3,-2.580852E+4
-1.705000E+1,0.000000E+0,-4.660112E-4,4.660005E-4,-2.188639E+1,7.766853E-3,9.853667E+3
-1.710000E+1,0.000000E+0,-4.663892E-4,4.663780E-4,-2.181825E+1,7.773153E-3,-7.936496E+3
-1.715000E+1,0.000000E+0,-4.662953E-4,4.662844E-4,-2.175134E+1,7.771588E-3,3.193284E+4
-1.720000E+1,0.000000E+0,-4.662168E-4,4.662060E-4,-2.168555E+1,7.770280E-3,3.824832E+4
-1.725000E+1,0.000000E+0,-4.662215E-4,4.662107E-4,-2.161873E+1,7.770358E-3,-6.442451E+5
-1.730000E+1,0.000000E+0,-4.662118E-4,4.662017E-4,-2.155222E+1,7.770197E-3,3.104796E+5
-1.735000E+1,0.000000E+0,-4.660772E-4,4.660663E-4,-2.148540E+1,7.767954E-3,2.229222E+4
-1.740000E+1,0.000000E+0,-4.662305E-4,4.662203E-4,-2.141835E+1,7.770509E-3,-1.957076E+4
-1.745000E+1,0.000000E+0,-4.663951E-4,4.663847E-4,-2.135275E+1,7.773251E-3,-1.823443E+4
-1.750000E+1,0.000000E+0,-4.661002E-4,4.660901E-4,-2.128594E+1,7.768337E-3,1.017564E+4
-1.755000E+1,0.000000E+0,-4.663835E-4,4.663728E-4,-2.121913E+1,7.773058E-3,-1.059178E+4
-1.760000E+1,0.000000E+0,-4.662251E-4,4.662144E-4,-2.115315E+1,7.770418E-3,1.893794E+4
-1.765000E+1,0.000000E+0,-4.662239E-4,4.662130E-4,-2.108618E+1,7.770398E-3,2.514127E+6
-1.770000E+1,0.000000E+0,-4.663687E-4,4.663579E-4,-2.101996E+1,7.772811E-3,-2.071528E+4
-1.775000E+1,0.000000E+0,-4.663645E-4,4.663534E-4,-2.095185E+1,7.772742E-3,7.208337E+5
-1.780000E+1,0.000000E+0,-4.663123E-4,4.663012E-4,-2.088622E+1,7.771872E-3,5.745776E+4
-1.785000E+1,0.000000E+0,-4.661623E-4,4.661514E-4,-2.081943E+1,7.769372E-3,2.000373E+4
-1.790000E+1,0.000000E+0,-4.663383E-4,4.663266E-4,-2.075257E+1,7.772305E-3,-1.704916E+4
-1.795000E+1,0.000000E+0,-4.663803E-4,4.663696E-4,-2.068671E+1,7.773004E-3,-7.148351E+4
-1.800000E+1,0.000000E+0,-4.661829E-4,4.661722E-4,-2.061976E+1,7.769714E-3,1.519670E+4
-1.805000E+1,0.000000E+0,-4.660894E-4,4.660781E-4,-2.055349E+1,7.768156E-3,3.209191E+4
-1.810000E+1,0.000000E+0,-4.660671E-4,4.660551E-4,-2.048567E+1,7.767785E-3,1.347441E+5
-1.815000E+1,0.000000E+0,-4.662100E-4,4.661982E-4,-2.041882E+1,7.770167E-3,-2.098946E+4
-1.820000E+1,0.000000E+0,-4.660105E-4,4.659984E-4,-2.035278E+1,7.766841E-3,1.503270E+4
-1.825000E+1,0.000000E+0,-4.662572E-4,4.662455E-4,-2.028496E+1,7.770954E-3,-1.215700E+4
-1.830000E+1,0.000000E+0,-4.660105E-4,4.660000E-4,-2.021849E+1,7.766841E-3,1.215700E+4
-1.835000E+1,0.000000E+0,-4.662201E-4,4.662084E-4,-2.015158E+1,7.770334E-3,-1.431457E+4
-1.840000E+1,0.000000E+0,-4.661412E-4,4.661299E-4,-2.008517E+1,7.769021E-3,3.806470E+4
-1.845000E+1,0.000000E+0,-4.665075E-4,4.664960E-4,-2.001856E+1,7.775124E-3,-8.191943E+3
-1.850000E+1,0.000000E+0,-4.662136E-4,4.662032E-4,-1.995234E+1,7.770227E-3,1.020991E+4
-1.855000E+1,0.000000E+0,-4.662992E-4,4.662882E-4,-1.988554E+1,7.771653E-3,-3.506096E+4
-1.860000E+1,0.000000E+0,-4.662541E-4,4.662433E-4,-1.981706E+1,7.770902E-3,6.658864E+4
-1.865000E+1,0.000000E+0,-4.663705E-4,4.663599E-4,-1.975079E+1,7.772841E-3,-2.578270E+4
-1.870000E+1,0.000000E+0,-4.664084E-4,4.663977E-4,-1.968441E+1,7.773473E-3,-7.916990E+4
-1.875000E+1,0.000000E+0,-4.660325E-4,4.660220E-4,-1.961829E+1,7.767209E-3,7.981974E+3
-1.880000E+1,0.000000E+0,-4.662361E-4,4.662252E-4,-1.955147E+1,7.770602E-3,-1.473402E+4
-1.885000E+1,0.000000E+0,-4.664121E-4,4.664011E-4,-1.948551E+1,7.773535E-3,-1.705198E+4
-1.890000E+1,0.000000E+0,-4.659801E-4,4.659691E-4,-1.941869E+1,7.766334E-3,6.944167E+3
-1.895000E+1,0.000000E+0,-4.660146E-4,4.660033E-4,-1.935187E+1,7.766911E-3,-8.676702E+4
-1.900000E+1,0.000000E+0,-4.662081E-4,4.661967E-4,-1.928605E+1,7.770135E-3,-1.550530E+4
-1.905000E+1,0.000000E+0,-4.661094E-4,4.660981E-4,-1.921923E+1,7.768490E-3,3.039788E+4
-1.910000E+1,0.000000E+0,-4.662678E-4,4.662562E-4,-1.915241E+1,7.771131E-3,-1.893794E+4
-1.915000E+1,0.000000E+0,-4.661980E-4,4.661863E-4,-1.908559E+1,7.769967E-3,4.294967E+4
-1.920000E+1,0.000000E+0,-4.661635E-4,4.661519E-4,-1.901877E+1,7.769392E-3,8.706015E+4
-1.925000E+1,0.000000E+0,-4.661815E-4,4.661698E-4,-1.895244E+1,7.769692E-3,-1.665254E+5
-1.930000E+1,0.000000E+0,-4.661258E-4,4.661142E-4,-1.888562E+1,7.768763E-3,5.377111E+4
-1.935000E+1,0.000000E+0,-4.664471E-4,4.664361E-4,-1.881977E+1,7.774119E-3,-9.334349E+3
-1.940000E+1,0.000000E+0,-4.661920E-4,4.661804E-4,-1.875198E+1,7.769867E-3,1.175898E+4
-1.945000E+1,0.000000E+0,-4.661572E-4,4.661461E-4,-1.868516E+1,7.769287E-3,8.618663E+4
-1.950000E+1,0.000000E+0,-4.660630E-4,4.660510E-4,-1.861943E+1,7.767717E-3,3.185390E+4
-1.955000E+1,0.000000E+0,-4.660769E-4,4.660648E-4,-1.855230E+1,7.767948E-3,-2.170089E+5
-1.960000E+1,0.000000E+0,-4.660953E-4,4.660836E-4,-1.848548E+1,7.768256E-3,-1.623295E+5
-1.965000E+1,0.000000E+0,-4.662721E-4,4.662603E-4,-1.841863E+1,7.771202E-3,-1.696777E+4
-1.970000E+1,0.000000E+0,-4.660747E-4,4.660636E-4,-1.835281E+1,7.767912E-3,1.519670E+4
-1.975000E+1,0.000000E+0,-4.662905E-4,4.662793E-4,-1.828499E+1,7.771508E-3,-1.390520E+4
-1.980000E+1,0.000000E+0,-4.659956E-4,4.659839E-4,-1.821820E+1,7.766593E-3,1.017263E+4
-1.985000E+1,0.000000E+0,-4.661597E-4,4.661472E-4,-1.815138E+1,7.769329E-3,-1.827646E+4
-1.990000E+1,0.000000E+0,-4.661242E-4,4.661131E-4,-1.808526E+1,7.768737E-3,8.449116E+4
-1.995000E+1,0.000000E+0,-4.662263E-4,4.662147E-4,-1.801843E+1,7.770438E-3,-2.940080E+4
-2.000000E+1,0.000000E+0,-4.664072E-4,4.663959E-4,-1.795062E+1,7.773453E-3,-1.658022E+4
